File,channel,HR,HRV_MeanNN,HRV_SDNN,HRV_SDANN1,HRV_SDNNI1,HRV_SDANN2,HRV_SDNNI2,HRV_SDANN5,HRV_SDNNI5,HRV_RMSSD,HRV_SDSD,HRV_CVNN,HRV_CVSD,HRV_MedianNN,HRV_MadNN,HRV_MCVNN,HRV_IQRNN,HRV_SDRMSSD,HRV_Prc20NN,HRV_Prc80NN,HRV_pNN50,HRV_pNN20,HRV_MinNN,HRV_MaxNN,HRV_HTI,HRV_TINN,HRV_ULF,HRV_VLF,HRV_LF,HRV_HF,HRV_VHF,HRV_TP,HRV_LFHF,HRV_LFn,HRV_HFn,HRV_LnHF,HRV_SD1,HRV_SD2,HRV_SD1SD2,HRV_S,HRV_CSI,HRV_CVI,HRV_CSI_Modified,HRV_PIP,HRV_IALS,HRV_PSS,HRV_PAS,HRV_GI,HRV_SI,HRV_AI,HRV_PI,HRV_C1d,HRV_C1a,HRV_SD1d,HRV_SD1a,HRV_C2d,HRV_C2a,HRV_SD2d,HRV_SD2a,HRV_Cd,HRV_Ca,HRV_SDNNd,HRV_SDNNa,HRV_DFA_alpha1,HRV_MFDFA_alpha1_Width,HRV_MFDFA_alpha1_Peak,HRV_MFDFA_alpha1_Mean,HRV_MFDFA_alpha1_Max,HRV_MFDFA_alpha1_Delta,HRV_MFDFA_alpha1_Asymmetry,HRV_MFDFA_alpha1_Fluctuation,HRV_MFDFA_alpha1_Increment,HRV_ApEn,HRV_SampEn,HRV_ShanEn,HRV_FuzzyEn,HRV_MSEn,HRV_CMSEn,HRV_RCMSEn,HRV_CD,HRV_HFD,HRV_KFD,HRV_LZC
control1.csv,LA_RA,54.958583830606514,1091.3461538461538,91.79126510208266,,,,,,,49.18071227994824,49.31630956054878,0.08410829577635769,0.045064264996604556,1099.609375,102.79746093749999,0.09348543516873889,140.13671875,1.866407801895692,983.203125,1176.5625,32.69230769230769,63.46153846153846,919.921875,1238.28125,13.0,257.8125,,,0.011080586161580695,0.006092550366505405,7.722903299645313e-05,0.017250365561082556,1.8187106375841668,0.6423392085428552,0.3531838409413432,-5.100688505530614,34.87189691335901,122.72532902200457,0.2841458824453956,13444.964193925007,3.5193189899282467,4.835529759927471,1727.6383238893313,0.5576923076923077,0.5882352941176471,0.9,0.06666666666666667,57.23746452223274,57.34063459550012,57.14504872352767,43.13725490196079,0.5741720011132757,0.42582799888672423,26.613433474630696,22.919070955790563,0.5640200146892267,0.4359799853107731,92.16827573355698,81.03403810660241,0.5647885339118982,0.43521146608810185,67.83533700441674,59.547456475230135,1.452596939324032,0.30163880302865964,1.203002195416825,1.3017775378097023,1.0271383824066764,0.9329899435200821,-0.1725376794991052,0.0007174664924671547,0.024264428997186775,0.43757601713497074,1.1631508098056806,5.469670487371863,0.9857807294023296,0.0,1.0025301789542163,1.2123131296234133,2.0404263654750094,1.6370034471531962,1.9668238804103166,0.7673668851343778
control1.csv,LL_LA,54.95748989177604,1091.3837139423076,91.80977803108577,,,,,,,49.59794502223778,49.74527736631112,0.08412236398456921,0.04544501112544512,1099.609375,104.2453125,0.09480213143872114,141.6015625,1.8510802814496015,982.03125,1175.0,32.69230769230769,67.3076923076923,917.96875,1238.28125,13.0,257.8125,,,0.011014116689331744,0.006234730080112239,7.578291945196605e-05,0.01732462968889595,1.7665747430614454,0.6357490397841596,0.35987667223319225,-5.077619991867858,35.17522295772427,122.71597322843243,0.2866393186830418,13560.878584499478,3.488704915272889,4.839257937548832,1712.479275938114,0.5576923076923077,0.5882352941176471,0.9,0.06666666666666667,57.07635009310987,57.167780678711146,56.993575849583436,43.13725490196079,0.5672889807832646,0.4327110192167357,26.677857276169245,23.29956153817264,0.5640587680244981,0.4359412319755019,92.16441552027322,81.02425931292285,0.5643071807633434,0.43569281923665665,67.84536666951266,59.6145962205518,1.4491896496778582,0.29742902906597246,1.203706872011086,1.300475135144872,1.029099200582904,0.9300587642097571,-0.174650912731447,0.0006988981060335646,0.02363117402933878,0.3950368271327389,1.1700712526502548,5.508132025833402,0.9968060613415172,0.0,1.0036835860949787,1.2134665367641757,1.999543150325509,1.6423916772345644,1.989225667415111,0.7673668851343778
control1.csv,LL_RA,54.959910147706005,1091.3461538461538,91.86783098742296,,,,,,,49.64542701520204,49.788983431013634,0.08417845306336554,0.04549008290379746,1099.609375,105.69316406249999,0.09611882770870336,142.08984375,1.8504792185449812,982.03125,1175.0,32.69230769230769,65.38461538461539,917.96875,1238.28125,13.0,273.4375,,,0.011064505673584305,0.006210642942304519,8.084847022865184e-05,0.017355997086117476,1.7815394921864103,0.6375033147726477,0.3578384411732945,-5.08149085501359,35.2061278124544,122.74677456367577,0.2868191684677707,13576.199865058908,3.4865173249826498,4.839748332881699,1711.8350244079809,0.5576923076923077,0.5882352941176471,0.9,0.06666666666666667,57.15622076707204,57.25638794676308,57.065980669663844,43.13725490196079,0.566507844981943,0.43349215501805716,26.685005875476563,23.342908075513535,0.5633570854040425,0.43664291459595744,92.13019053886862,81.10979384178957,0.5635997039333865,0.4364002960666135,67.82352669724,59.681194753789406,1.4496086721566552,0.2982207159294781,1.2030150350594133,1.3004983141919162,1.0291302160288847,0.9322238403492695,-0.17311701057160866,0.0007016496874646629,0.023742178249740772,0.36785458475783894,1.134979932838985,5.469670487371863,0.9964188364494305,0.0,1.0350256246788019,1.2529402693762377,1.9561011495539884,1.6404910711597718,1.9779937662708422,0.7673668851343778
control1.csv,Vx_RL,54.956925331361866,1091.3461538461538,91.82548328122897,,,,,,,49.40528983925503,49.54474136055587,0.08413964987883536,0.045270045315264525,1099.609375,102.79746093749999,0.09348543516873889,140.625,1.858616427107142,983.203125,1175.0,34.61538461538461,65.38461538461539,917.96875,1238.28125,13.0,273.4375,,,0.011053392771471382,0.006176436025218085,7.947933668091785e-05,0.017309308133370383,1.7896069393969147,0.6385808540875008,0.35682743513651,-5.087013868813559,35.03342258818267,122.73154550670958,0.285447579459247,13507.92509207426,3.503270204267992,4.8375587535605655,1719.8470659896673,0.5576923076923077,0.5882352941176471,0.9,0.06666666666666667,57.18309859154929,57.28475370898918,57.09142748084,43.13725490196079,0.5679220421046178,0.43207795789538184,26.589054970763463,23.19207438874593,0.5632707651835853,0.4367292348164147,92.11170234266649,81.10774657208484,0.5636258169716551,0.4363741830283448,67.79212178676174,59.65039341217568,1.45022643869288,0.29867232969645396,1.2093691346923299,1.300890273844653,1.0274923244416734,0.9283732310251758,-0.193573424611052,0.0006805525681616904,0.023028094001156903,0.3950368271327389,1.1700712526502546,5.493614958484104,0.9990399191577245,0.0,1.0408741779806803,1.258788822678116,2.067528474989266,1.639374259325608,1.974270420336718,0.7673668851343778
end1.csv,LA_RA,54.21765429385582,1106.5027573529412,47.526964972229266,,,,,,,44.53810254293508,44.972554874770964,0.04295241440331051,0.04025123502582358,1109.375,31.852734374999997,0.02871232394366197,44.921875,1.0671079875127796,1076.171875,1132.8125,29.411764705882355,54.90196078431373,943.359375,1207.03125,5.666666666666667,187.5,,,0.036218618232284616,0.03704837865478833,0.0007524164297208013,0.07401941331679375,0.9776033269840145,0.48931241966581795,0.5005224574832273,-3.2955306892019456,31.800398519234673,58.77811661821084,0.5410244551691227,5872.162988961977,1.848345283555441,4.475768211403937,434.56901851016676,0.6078431372549019,0.6326530612244898,0.9354838709677419,0.0625,48.19004524886879,48.28963417980501,48.08855547450824,48.97959183673469,0.42723076923076925,0.5727692307692308,20.793851432909275,24.076508933933734,0.43708048770155283,0.5629195122984473,38.859425501734535,44.10002316166212,0.434848858342123,0.5651511416578772,31.164396414327996,35.528089769258116,1.0561980456003255,1.0511307433052663,1.1438227125030793,1.5636285208644323,-0.7347541691106798,-1.7347541691106798,-0.10061504143501761,0.0024561064958514155,0.13592541918736176,0.40180258611573727,1.6094379124341005,5.093802302670966,1.3614609216169193,0.9780057513570365,0.8047189562170503,0.8047189562170503,1.8587439767896057,1.852839483860883,2.0001347962480627,1.2234642894448322
end1.csv,LL_LA,54.21703076257958,1106.5410539215686,47.51405805135633,,,,,,,44.308826374962386,44.74195544039466,0.042939263647712896,0.04004264118166463,1111.328125,31.852734374999997,0.02866186291739894,44.921875,1.072338446729998,1078.125,1132.8125,29.411764705882355,54.90196078431373,941.40625,1207.03125,6.375,203.125,,,0.03664075487709436,0.03694848116804121,0.0006992163761894992,0.07428845242132506,0.9916714765744411,0.4932227510850173,0.4973650677024316,-3.29823073749254,31.637340095449407,58.83269333640643,0.5377510071576447,5847.477595277886,1.859596703101747,4.473938676438565,437.6203302519101,0.5882352941176471,0.6122448979591837,0.9333333333333333,0.058823529411764705,48.24462061155154,48.34278630498038,48.14441614692217,46.93877551020408,0.4292542649516185,0.5707457350483814,20.735739135877473,23.910218706105976,0.44124531690103636,0.5587546830989637,39.08038065330779,43.97737660670776,0.43855403509451324,0.5614459649054868,31.282958855570186,35.39567919804638,1.0619814320710788,1.0060580468949378,1.14941162019071,1.5385083400145105,-0.6308981070396023,-1.6308981070396023,-0.11324625251525497,0.0024590725999425033,0.12882936791619656,0.3786986714761551,1.2992829841302609,5.079000586942271,1.3365283545917768,0.6496414920651303,0.7271802241410903,0.8112982832963935,1.871775176167192,1.8528551621214329,1.9908719576005323,1.2234642894448322
end1.csv,LL_RA,54.216026320535285,1106.5410539215686,47.57663964848752,,,,,,,44.57491691269247,45.0108473110392,0.042995819703097744,0.04028311173337807,1111.328125,28.95703125,0.026056239015817224,43.9453125,1.0673410730450588,1078.125,1132.8125,29.411764705882355,54.90196078431373,943.359375,1208.984375,5.666666666666667,187.5,,,0.03641978033978822,0.036812506840367035,0.0006747679287662576,0.07390705510892151,0.9893317099462465,0.4927781290448399,0.49809191810056713,-3.301917631753927,31.827475360588096,58.8333549628121,0.5409767194256707,5882.686139312847,1.848508381398838,4.4765457879258665,435.0157990182844,0.6078431372549019,0.625,0.9333333333333333,0.0625,48.24858757062147,48.346135863267854,48.149131302671854,47.91666666666667,0.4270245363437391,0.5729754636562607,20.806015684984786,24.10074784970084,0.4417603220410688,0.558239677958931,39.10362033693858,43.95759926025088,0.4384222510655776,0.5615777489344224,31.320787124043274,35.4479659475665,1.0530418870008753,1.0252225314410817,1.1421364258442293,1.55664124709558,-0.6066992984276087,-1.6066992984276087,-0.09569282907905756,0.002606868822673322,0.13773576764704815,0.4002225040704688,1.2321436812926323,4.9613535281187415,1.3395018883645335,0.6546095106031307,0.682502454517407,0.6840552695172266,1.7815016873389444,1.8539126543196147,2.0012916286729854,1.2234642894448322
end1.csv,Vx_RL,54.2166763709506,1106.5410539215686,47.60068758538482,,,,,,,44.5732052906543,45.009117673294554,0.043017552233320704,0.04028156491138524,1109.375,34.7484375,0.031322535211267606,45.8984375,1.0679215747440378,1078.125,1132.8125,29.411764705882355,54.90196078431373,941.40625,1207.03125,7.285714285714286,203.125,,,0.03652844915196139,0.037665541892461206,0.000745246363635645,0.07493923740805823,0.9698107956671292,0.4874408976576199,0.5026144273041537,-3.2790096106458546,31.826252322009857,58.87370011321801,0.5405852232967501,5886.493999283874,1.8498470859072256,4.476826815595,435.62937036404895,0.5882352941176471,0.6122448979591837,0.9333333333333333,0.058823529411764705,48.24858757062147,48.34697543901695,48.148151654550006,46.93877551020408,0.4269805307015859,0.5730194692984141,20.804144724530932,24.10074784970084,0.44212313978511036,0.5578768602148896,39.146501377463636,43.973446475405616,0.43869675169364913,0.5613032483063509,31.346937711800418,35.45779210441777,1.0575371405280363,1.0033224567834798,1.1434803858099465,1.53662419137407,-0.6211633431503873,-1.6211633431503873,-0.10815807230659331,0.002420490942777937,0.1280365308477986,0.42839680447191464,1.3862943611198906,5.093802302670967,1.333022666499553,0.6713943363125379,0.7489330683884978,0.8664339756999315,1.8594982793023893,1.8519607062632442,1.9931668562058342,1.2234642894448322
high1.csv,LA_RA,53.03435927585382,1131.6769622093022,28.819374301175603,,,,,,,30.24417148181864,30.59163329814996,0.025466078451321778,0.026725092488208677,1126.953125,34.7484375,0.030833968804159447,41.9921875,0.9528901897180567,1107.8125,1161.71875,9.30232558139535,62.7906976744186,1070.3125,1181.640625,7.166666666666667,62.5,,,0.015609270662870182,0.039686551076131955,0.0006236570147507194,0.05591947875375286,0.39331386173936933,0.2791383433956386,0.7097088878617009,-3.226742912507811,21.631551352694025,34.75351669734802,0.6224276967730489,2361.762903874506,1.6066123104490038,4.080206406834825,223.3417110294173,0.7209302325581395,0.75,1.0,0.18181818181818182,47.95008912655972,47.944991510734326,47.955914080745785,47.5,0.448714129679277,0.5512858703207228,14.499208112673825,16.071182822114533,0.5674703942416793,0.432529605758321,26.180043366422932,22.856339430561974,0.5342794786412184,0.4657205213587816,21.161541845555725,19.757216016773356,0.9636416282524332,0.487526989450072,1.0520677615573577,1.2074051229774692,-0.0013681102025717706,-1.0109701670494504,-0.18137689854805533,0.00014862659666279308,0.018885919203328928,0.14093749141140277,inf,4.518833359152008,1.3352149307724643,0.0,0.0,0.0,2.074724451614231,1.8625100402746684,3.3326797743920706,1.1357298323795089
high1.csv,LL_LA,53.03365040711115,1131.6769622093022,28.923188956023065,,,,,,,30.383494504109464,30.73435479970988,0.025557813688773984,0.026848204495383263,1126.953125,34.7484375,0.030833968804159447,42.96875,0.9519375380640009,1108.984375,1161.71875,9.30232558139535,60.46511627906976,1070.3125,1181.640625,7.166666666666667,54.6875,,,0.0159064238853531,0.040034825731164146,0.0007278896641797494,0.056669139280696994,0.3973146777799291,0.2806893502751902,0.7064660984678316,-3.2180055603791122,21.73247069426817,34.902339249936894,0.622665161169891,2382.9422139678586,1.6059996003649144,4.084083620852445,224.21257154879729,0.6976744186046512,0.7317073170731707,1.0,0.08333333333333333,48.04270462633451,48.039987740964065,48.04616439185988,46.34146341463415,0.45159386068476975,0.5484061393152302,14.61266592645837,16.102992661793564,0.6203710246523644,0.3796289753476358,27.49035119987731,21.504740780234734,0.5731779277365661,0.4268220722634341,22.01419331443777,18.996845115582587,0.9602730555795154,0.4220681476991064,1.0509607074686405,1.1713071294290684,0.1582580900437751,-0.8518424804904408,-0.21486495103576633,0.00012825232606351213,0.014904269223544509,0.14093749141140277,inf,4.580578057571858,1.3781372956057858,0.0,,,2.267508369430083,1.866570151446442,3.3379803961066083,1.1357298323795089
high1.csv,LL_RA,53.03328823561754,1131.6769622093022,28.926329038378835,,,,,,,30.335627606320347,30.682559138622683,0.025560588404934716,0.02680590717964073,1126.953125,34.7484375,0.030833968804159447,43.9453125,0.9535431214336278,1107.8125,1161.71875,9.30232558139535,62.7906976744186,1070.3125,1181.640625,7.166666666666667,62.5,,,0.00920243973076128,0.03960968893877926,0.0006323996894884326,0.04944452835902897,0.23232799795485826,0.18611644273235017,0.8010934728947862,-3.2286815204773736,21.695845631077372,34.86766709722489,0.6222339329608931,2376.5630779698645,1.6071126099496233,4.0829194556494555,224.14506988590279,0.7209302325581395,0.75,1.0,0.18181818181818182,47.87234042553191,47.86848866777169,47.876921139248324,45.0,0.4463087248322148,0.5536912751677852,14.504020063062184,16.15491002162449,0.6213003883929491,0.3786996116070506,27.483605333354728,21.457065192688756,0.5724106801304409,0.427589319869559,21.974020570998324,18.99192939764255,0.9756529757537127,0.26950781536616697,1.0643418792882038,1.1037065763328096,0.3918391860725512,-0.6081608139274488,-0.35393856949520036,6.030935959701909e-05,0.0064407804919396116,0.1079304828133103,inf,4.618011556977366,1.3659593211754557,0.0,0.0,0.0,2.0892363344663263,1.864436120823709,3.2778381432938484,1.1357298323795089
high1.csv,Vx_RL,53.03431020577345,1131.6769622093022,28.926329038378835,,,,,,,30.425316264447716,30.77670749223642,0.025560588404934716,0.026885160059324942,1126.953125,34.7484375,0.030833968804159447,42.96875,0.9507322384740348,1108.984375,1161.71875,9.30232558139535,62.7906976744186,1070.3125,1181.640625,7.166666666666667,62.5,,,0.015615755938805806,0.04068521135235015,0.000575647668476544,0.0568766149596325,0.3838189705730452,0.2745549458224422,0.7153240638745114,-3.2018906100000106,21.762418570355194,34.88900788429587,0.623761462135208,2385.314519084936,1.6031769525755626,4.0845157616386585,223.73301335332093,0.6976744186046512,0.7317073170731707,1.0,0.16666666666666666,48.056537102473506,48.05346116478867,48.06033122223043,48.78048780487805,0.45584772370486654,0.5441522762951333,14.701536130163717,16.062496478183633,0.548505300008545,0.4514946999914549,25.839198250403324,23.443095037277278,0.5225309363834073,0.47746906361659275,21.021409691195252,20.094557696531616,0.9609103603726413,0.37908337520578417,1.0433090403996466,1.1504520479755334,0.16173596516915278,-0.8495751904347597,-0.2173629481437306,9.069036539180491e-05,0.011449833184234799,0.14093749141140277,inf,4.646967661578215,1.3553976537267112,0.0,,,2.2404654067918814,1.8651375688702738,3.35925732055011,1.1357298323795089
high2.csv,LA_RA,52.199108664488634,1149.5289522058824,34.64014844337407,,,,,,,36.76355261532298,37.32408046417027,0.030134211388848923,0.031981406422844555,1152.34375,26.061328125,0.02261593220338983,34.1796875,0.9422415947074746,1119.140625,1171.09375,17.647058823529413,61.76470588235294,1072.265625,1224.609375,6.8,101.5625,,,0.006375762175642763,0.027728348328825154,0.000913004657792665,0.03501711516226058,0.22993660134508642,0.1820755977783741,0.791851304721674,-3.5852999837383566,26.39211039776714,42.00990503385104,0.6282354215392946,3483.1781844593243,1.5917599767771968,4.24894580163165,267.4787418443799,0.6764705882352942,0.71875,1.0,0.1,51.31086142322098,51.29951211825311,51.321162153238895,53.125,0.5557646253848786,0.4442353746151215,19.6802180310709,17.59507104172583,0.39964851938496293,0.6003514806150371,26.557720988480238,32.550262316166055,0.4438438379148555,0.5561561620851444,23.37331304984867,26.16396473983443,0.9932417287978202,0.7112751378036171,0.389188271425601,0.7448258403274095,1.1969189187264995,-0.18195343529154062,0.0,0.0004826567034260522,0.0498766526892005,0.19512894585942764,inf,4.712319091186709,1.5323031209049802,,,,1.9068455565750317,1.7953793659432766,3.577678510378884,1.0474188202574226
high2.csv,LL_LA,52.1995156767355,1149.5289522058824,34.86633133538485,,,,,,,37.46743377588062,38.039053371144895,0.030330972759301356,0.03259372780823196,1153.3203125,27.509179687499998,0.02385215918712955,34.1796875,0.9305769790358523,1119.140625,1171.09375,20.588235294117645,61.76470588235294,1074.21875,1226.5625,6.8,101.5625,,,0.006447019926637179,0.028896894273591038,0.0009311694553672538,0.03627508365559547,0.223104250082997,0.17772584586838627,0.7966044833402792,-3.544021154220107,26.897672588653556,42.07512030015504,0.6392773780982972,3555.412065675929,1.5642662078466931,4.257860051871006,263.26675550646775,0.6764705882352942,0.7272727272727273,1.0,0.1,51.28205128205128,51.270889509868844,51.292216005337266,54.54545454545454,0.5624176548089591,0.4375823451910409,20.17671241347108,17.797165008405855,0.3886817842346282,0.6113182157653717,26.231459808733938,32.8972075498103,0.43910238263710394,0.560897617362896,23.400739384826515,26.447734750935865,0.9841073447079159,0.734438579541761,0.3718560755923612,0.7388621596890462,1.2320262783749878,-0.15190489105065508,-0.0002902974872704767,0.0004577968167105545,0.051262500855128526,0.19381616710836758,1.9459101490553135,4.675698135367988,1.5644434390691802,0.0,0.0,0.0,1.9287982807430362,1.8020544515854886,3.574875190201066,1.0474188202574226
high2.csv,LL_RA,52.19923783607261,1149.5289522058824,34.623459031567315,,,,,,,36.73838933200838,37.298520531825986,0.030119692909975702,0.03195951634059277,1152.34375,26.061328125,0.02261593220338983,34.1796875,0.9424326885610516,1119.140625,1171.09375,17.647058823529413,61.76470588235294,1074.21875,1224.609375,6.8,93.75,,,0.006448863991581872,0.027225956979420776,0.0009112403414314042,0.03458606131243405,0.2368645479186043,0.18645846756951875,0.7871944924134151,-3.6035844600216294,26.374036796279825,41.99287569908226,0.6280597924579912,3479.3818757791346,1.5922050925858093,4.248472206844523,267.44508216160665,0.6764705882352942,0.71875,1.0,0.1,51.31086142322098,51.29917768779957,51.32152588169888,53.125,0.5599520383693044,0.44004796163069543,19.74069825364604,17.499961852985766,0.39402375663417316,0.6059762433658268,26.359478876136663,32.689134018157766,0.4409780243541992,0.559021975645801,23.286447712811402,26.21858260578779,0.9974952896174308,0.7457753623456638,0.3659762982016126,0.7388639793744445,1.2130232872135842,-0.19576923351364517,0.0,0.0004893283274949579,0.053436590241004486,0.19512894585942764,inf,4.594672032363179,1.553838494644022,,,,1.8881542413053403,1.7967686166490608,3.577678510378884,1.0474188202574226
high2.csv,Vx_RL,52.19997743314188,1149.5289522058824,34.69016850325326,,,,,,,36.95642323034775,37.51859492880706,0.030177724916527548,0.032149188725895436,1153.3203125,27.509179687499998,0.02385215918712955,34.1796875,0.9386776498101825,1119.140625,1172.265625,20.588235294117645,61.76470588235294,1074.21875,1224.609375,6.8,101.5625,,,0.006449751347320717,0.027654501302871004,0.0009892154704030254,0.035093468120594745,0.23322609497395363,0.18378780134117478,0.7880241761184569,-3.5879667684997156,26.529652894750686,41.979324704237094,0.6319695012167018,3498.782040707335,1.5823548416098339,4.2508869985817554,265.7047507730435,0.6764705882352942,0.71875,1.0,0.1,51.4018691588785,51.38815706604496,51.414526262017425,53.125,0.5578501904358865,0.4421498095641134,19.82055028788554,17.6458115230397,0.39382455491063467,0.606175445089365,26.34431092894582,32.68395606873191,0.44065688279968174,0.559343117200318,23.311766685898924,26.264192816546238,0.9929088348399671,0.7438229250743424,0.36663590693988324,0.7368947472923325,1.2168546887795548,-0.18464324836710322,-0.002221795173302542,0.00048664547232402116,0.05318243423592668,0.19381616710836758,1.9459101490553135,4.653495561774944,1.5554166194356196,0.0,0.0,0.0,1.9322173153141857,1.7977072248257608,3.5845405426241777,1.0474188202574226
high3.csv,LA_RA,54.59191906861365,1099.0349264705883,36.33294263596379,,,,,,,38.659049325178216,39.05135762640936,0.03305895177748576,0.03517545111084583,1103.515625,31.852734374999997,0.028864778761061943,44.921875,0.9398302149220349,1072.265625,1128.90625,19.607843137254903,60.78431372549019,972.65625,1162.109375,8.5,164.0625,,,0.03406206830398212,0.06766036048889787,0.0011495239284908746,0.10287195272137087,0.5034272365363947,0.3311113224052369,0.6577143594440775,-2.693254787696711,27.61347979217506,43.93113787837715,0.6285628173033592,3811.0396211551856,1.5909308862559977,4.288013573863744,279.56561647632395,0.6862745098039216,0.7142857142857143,1.0,0.13333333333333333,50.19455252918288,50.19919973985779,50.19004733636846,51.02040816326531,0.45408137219868283,0.545918627801317,18.607583536798167,20.40267403407584,0.4579341676667237,0.5420658323332762,29.728567071221565,32.34435306480659,0.4568430449836993,0.5431569550163006,24.799494603590627,27.04095304276105,0.8308464114682925,0.4553022463946337,0.8894275856310374,1.002998039016208,0.26829544913227377,-0.6004775717368269,-0.25056030519398453,1.9087049768138638e-05,0.010375051011978402,0.2253664625150429,2.3978952727983702,5.226251077223192,1.4502406949491673,0.87412689036662,0.9460474084795651,1.085951355463421,2.3997028016980417,1.895810958909078,2.6905444260287723,1.2234642894448322
high3.csv,LL_LA,54.592191637679456,1099.0349264705883,36.40217192667026,,,,,,,38.930440835325925,39.32550570172732,0.033121942760792174,0.035422387312427014,1103.515625,31.852734374999997,0.028864778761061943,42.96875,0.9350567613824325,1072.265625,1126.953125,19.607843137254903,58.82352941176471,972.65625,1162.109375,8.5,164.0625,,,0.03358986966422004,0.06752977771902215,0.0013398930567803165,0.1024595404400225,0.49740826637962215,0.3278354511445695,0.6590872595075961,-2.695186626989399,27.807331755281627,43.925821216015486,0.6330520633531831,3837.3293956432926,1.579648907079061,4.290999190517985,277.54950190571634,0.6666666666666666,0.7,1.0,0.0625,50.19206145966708,50.196892530245265,50.187401389939446,50.0,0.45416561792096666,0.5458343820790335,18.73994934174887,20.544318061298473,0.466220482766273,0.5337795172337271,29.992700064911016,32.09229989137023,0.46277157279987324,0.5372284272001269,25.007476467199034,26.944245368180535,0.8223902516291416,0.4550577711773065,0.8814590689455871,0.9818415039393964,0.26841277229241456,-0.5707274244306539,-0.2794072723247775,1.2906465814827745e-05,0.009517984374737129,0.26120165189960387,2.5649493574615367,5.0790005869422705,1.4262129395022625,0.0,0.0,0.0,2.0932205527280243,1.9004360621487582,2.7146040898842227,1.2234642894448322
high3.csv,LL_RA,54.594693462422406,1098.996629901961,36.578209674416826,,,,,,,39.38925833111104,39.78884647599508,0.0332832773815511,0.03584110929860164,1103.515625,31.852734374999997,0.028864778761061943,43.9453125,0.9286341308317059,1072.265625,1128.90625,21.568627450980394,60.78431372549019,972.65625,1162.109375,8.5,164.0625,,,0.034192664160741154,0.06860291061675819,0.0012906611601262734,0.10408623593762562,0.4984141904962941,0.32850322478018457,0.6590968536691917,-2.679420316334657,28.134963158766585,44.01681576571688,0.6391866987497969,3890.5844388999194,1.5644881252315292,4.296984955381105,275.4551423038721,0.6666666666666666,0.7,1.0,0.0625,50.25316455696201,50.257832482420575,50.24863990328872,50.0,0.45539929189614475,0.5446007081038553,18.986545014866778,20.76294094048161,0.4672447988993468,0.532755201100653,30.08782952873403,32.12790974219925,0.46380891306927635,0.5361910869307238,25.15716972705517,27.049050823465404,0.8154823280325602,0.4905423106013522,0.8736813907827581,0.9970017216029801,0.18578615200543425,-0.6589486737544212,-0.24860408948405593,1.806279770128453e-05,0.011486556726040055,0.26120165189960387,2.5649493574615367,5.044974361579338,1.4417334080322077,0.0,1.2882892218975086,1.5595489641553912,2.3725370239291155,1.9037694863961134,2.7658977012929493,1.2234642894448322
high3.csv,Vx_RL,54.591760167904795,1099.0349264705883,36.27830529988943,,,,,,,38.67680681936123,39.06929548671953,0.03300923785597299,0.035191608462860145,1103.515625,31.852734374999997,0.028864778761061943,43.9453125,0.9379860511578961,1072.265625,1126.953125,19.607843137254903,58.82352941176471,974.609375,1162.109375,8.5,164.0625,,,0.033588829324737765,0.06808287213686408,0.0014088878288825632,0.1030805892904844,0.49335212029856174,0.32585018727515586,0.6604819841008511,-2.6870296079326264,27.626163774840357,43.83089910426964,0.6302896892240398,3804.0904464836512,1.5865720431364136,4.287220944184524,278.16351657746833,0.6666666666666666,0.7,1.0,0.0625,50.194049159120304,50.19959183239773,50.18873077527509,50.0,0.4482072729127352,0.5517927270872649,18.49532747675954,20.521568970927625,0.46776383105897124,0.5322361689410288,29.97738173692591,31.976621154951392,0.46220354835669164,0.5377964516433082,24.9070326843038,26.86669958811302,0.8300202347697693,0.30409252262923436,0.8772213334876182,0.9155656621712744,0.5747227490046942,-0.259911486911383,-0.3739057167465849,7.077616977546608e-06,0.003993422867145554,0.2115035189038439,2.3978952727983707,5.039784900667762,1.4400836478651968,0.0,0.0,0.0,2.163072844156301,1.8977243421734364,2.724001074970218,1.2234642894448322
high4.csv,LA_RA,52.55045282193738,1141.858552631579,26.789219970583133,,,,,,,31.371832820720723,31.802947321626206,0.023461066967395815,0.027474359891967157,1142.578125,28.95703125,0.025343589743589745,34.66796875,0.8539258806992358,1122.265625,1163.28125,13.157894736842104,55.26315789473685,1072.265625,1187.5,6.333333333333333,101.5625,,,0.009521073578854896,0.031674227442314136,0.0011766757108781227,0.04237197673204715,0.30059371128135337,0.22470213365461972,0.7475277267005106,-3.4522519432124215,22.488079712840438,30.859027909464213,0.7287358428404521,2180.140515925131,1.3722393509590798,4.045454595916964,169.3838897188452,0.6842105263157895,0.7222222222222222,0.9615384615384616,0.375,49.407114624505915,49.41856387011471,49.39574649304435,52.77777777777778,0.4799916195265032,0.5200083804734968,15.58085669762281,16.217342066511915,0.5863705714899504,0.4136294285100495,23.63025042890024,19.846684060178692,0.5494699376521522,0.45053006234784765,20.01439270580546,18.123093718882657,1.0253131414720427,1.8759365016119007,1.2291485237580184,1.8717120037692818,-1.3202247459393455,-2.0647883534739107,-0.15747055965959406,0.0031399171934393543,0.31861614450963904,0.18754880259221007,1.252762968495368,4.774243302917269,1.550033968134077,0.7155502202323671,0.0,0.0,1.6207015903892654,1.8274488819679886,2.924936041043891,1.242930200552428
high4.csv,LL_LA,52.551184526579675,1141.858552631579,27.114374307163082,,,,,,,32.39846211787626,32.844268637167666,0.02374582582463832,0.02837344611835616,1142.578125,27.509179687499998,0.024076410256410254,34.66796875,0.8369031285655496,1121.484375,1164.0625,15.789473684210526,55.26315789473685,1070.3125,1189.453125,7.6,62.5,,,0.00929759456076587,0.03381568248353574,0.0010323593124887413,0.04414563635679035,0.2749491915560984,0.2106118594739827,0.7660028323124243,-3.3868306052952133,23.2244050764539,30.87670229156003,0.752165981235702,2252.8142309416558,1.329493788534735,4.0596954908541685,164.20153562826113,0.7368421052631579,0.7777777777777777,1.0,0.375,49.521988527724666,49.53203640006054,49.512023648779625,50.0,0.478833120518613,0.5211668794813871,16.0713034327242,16.76669304645301,0.5914037201030957,0.408596279896904,23.74504169035255,19.736862453922292,0.5507268689717358,0.4492731310282641,20.274538205632126,18.312096210415444,0.9955361005684551,1.9124555049733853,1.2027632300179487,1.8619093592923717,-1.3399112754744174,-2.093170352344093,-0.1553404105035134,0.0034130638397687862,0.33720863172415466,0.18754880259221007,1.252762968495368,4.75437784233402,1.5255648347940765,0.7155502202323671,0.0,0.0,1.5789394851566454,1.8378570854119514,2.953625579832021,1.242930200552428
high4.csv,LL_RA,52.550997716915326,1141.858552631579,27.007697017840282,,,,,,,31.927244937993926,32.36653551598984,0.023652401565497864,0.02796077050385352,1142.578125,28.95703125,0.025343589743589745,34.66796875,0.8459137977702766,1121.484375,1164.0625,13.157894736842104,55.26315789473685,1072.265625,1189.453125,7.6,62.5,,,0.009599280406065218,0.0322558483009644,0.0010908142438028523,0.042945942950832476,0.2975981383747459,0.22352007539001173,0.7510802204970364,-3.4340559095153864,22.886596746871643,30.936701146927724,0.7397878861801164,2224.360079785268,1.3517388141667,4.0541752022268644,167.27335889031065,0.6842105263157895,0.7222222222222222,0.9615384615384616,0.375,49.51456310679612,49.524427704368826,49.504758584712896,52.77777777777778,0.48194598968342267,0.5180540103165773,15.888951643054401,16.473412667812493,0.5872137776382083,0.4127862223617919,23.706755486376416,19.8763483105796,0.549978166896897,0.450021833103103,20.180052527262653,18.254349441811474,1.015405614525253,1.8568727658810156,1.2177315625570009,1.8635697051804239,-1.2759345785949705,-2.0505992173321514,-0.15219041687167115,0.003277417669935306,0.3211762646011051,0.2094658354629213,1.252762968495368,4.859641000228757,1.547038523912934,0.7155502202323671,0.0,0.0,1.6901740081772232,1.833866882177288,2.9673120439288034,1.242930200552428
high4.csv,Vx_RL,52.55121040977365,1141.858552631579,26.969495725458042,,,,,,,32.038459142590156,32.47968441013249,0.02361894620248972,0.028058168035570492,1143.5546875,27.509179687499998,0.02405584970111016,33.203125,0.8417850435761527,1121.484375,1163.28125,13.157894736842104,55.26315789473685,1070.3125,1187.5,6.333333333333333,101.5625,,,0.009426852504617897,0.03336476803181487,0.0009983755123267237,0.043789996048759494,0.28253912916849744,0.21527411178848338,0.761926719396451,-3.400254785091471,22.966605097203676,30.847007258833923,0.7445326836569058,2225.664564295554,1.3431243811733296,4.054429821239605,165.72547014228206,0.7368421052631579,0.7777777777777777,1.0,0.375,49.6124031007752,49.62062332977688,49.60426513170134,50.0,0.47890719164323015,0.5210928083567696,15.89395262465326,16.579207784175576,0.5936693011972767,0.4063306988027233,23.767600100240955,19.66313917719088,0.5527399117031987,0.44726008829680125,20.217771199611693,18.186659575805106,1.0011054966665618,1.9110395709407646,1.2162011925342444,1.856798805402676,-1.3216283374626698,-2.0510919335251225,-0.16479102651282154,0.003211026616260193,0.3293291668545088,0.15008138742680766,1.0986122886681098,4.629249223856034,1.5142939291810351,0.6770125502755526,0.0,0.0,1.6159578420969143,1.8341036796477876,2.97204980497861,1.242930200552428
high5.csv,LA_RA,54.36659491340393,1103.7190755208333,32.32304068502052,,,,,,,39.22630217295824,39.639612240968596,0.02928556858525583,0.03554011436691693,1106.4453125,26.061328125,0.023554104148278906,41.015625,0.824014472292097,1076.953125,1124.21875,20.833333333333336,72.91666666666666,1009.765625,1177.734375,6.0,125.0,,,0.035800005738648305,0.05263698836455683,0.0031246259818400158,0.09156162008504515,0.6801302059818125,0.3909935812122612,0.5748804828449522,-2.9443362055212527,28.029438619194167,36.001815721878025,0.7785562493771917,3170.214711374889,1.284428711220227,4.208058786945318,184.9670630769596,0.6666666666666666,0.6956521739130435,0.9375,0.16666666666666666,51.385390428211586,51.353642887101294,51.41752313573507,45.65217391304348,0.4464605971093997,0.5535394028906002,18.73371688794031,20.859632616264598,0.505954885816451,0.4940451141835491,25.608273627243403,25.305079669985123,0.4834945569256056,0.5165054430743946,22.435862214379792,23.18912816375191,0.8784207311033455,0.45915883280424963,0.4192618982990959,0.6488413147012206,1.0183637590075232,-0.40254376635642397,0.0,0.00039276318210082804,0.027314857726384246,0.4566594376941997,2.4423470353692043,4.970175521464346,1.4528060590071925,0.8852398310093285,1.2353600558242006,1.438092609878283,1.7681716286561298,1.9902584142770363,3.484644075040745,1.1635338543169074
high5.csv,LL_LA,54.36668636108236,1103.7190755208333,32.20732668411738,,,,,,,38.83640518651073,39.24635847516961,0.029180728500972124,0.03518685691663365,1106.4453125,24.613476562499997,0.022245542806707853,39.55078125,0.8293076181856331,1078.125,1123.046875,16.666666666666664,70.83333333333334,1009.765625,1179.6875,6.0,125.0,,,0.035821364827227434,0.04945126937115443,0.003208797766904417,0.08848143196528628,0.7243770540725998,0.4048461245663514,0.558888664805465,-3.006767551452092,27.751366214670554,35.997331076281824,0.7709284378850956,3138.3728900956417,1.297137257957848,4.203674653575266,186.77391730435613,0.6875,0.717391304347826,0.9393939393939394,0.2727272727272727,51.32743362831859,51.29630632881131,51.358919265396665,45.65217391304348,0.450411666576979,0.5495883334230209,18.629399425919463,20.578456224534637,0.5060238217703337,0.4939761782296664,25.606827952955957,25.300162189265887,0.4852862919393444,0.5147137080606559,22.391562705433657,23.060475573893175,0.8898447031947754,0.480339672944746,0.4095050302500294,0.6496748667224024,1.0170623943966624,-0.4828583970601412,0.0,0.0003804135224197809,0.027784033437903553,0.46637871245990103,1.9095425048844386,5.027569011092751,1.4347126279858393,0.8078245862166895,0.0,0.0,1.6264225554997083,1.9898679410191489,3.4129689649321118,1.1635338543169074
high5.csv,LL_RA,54.36777313140652,1103.7190755208333,32.39076724612092,,,,,,,39.05522704899738,39.46563449429341,0.029346930722236604,0.03538511557442063,1105.46875,26.061328125,0.023574911660777385,39.55078125,0.8293580576419272,1076.953125,1123.046875,20.833333333333336,70.83333333333334,1009.765625,1177.734375,6.0,125.0,,,0.03579885368408563,0.051361404349485384,0.0029021509779316133,0.09006240901150263,0.6969991209838154,0.39748940847799724,0.5702868145901536,-2.968868276721031,27.90641777474459,36.161672768546715,0.7717125795966354,3170.3154426375404,1.2958192291263253,4.2080725861168276,187.4359637234265,0.6875,0.7111111111111111,0.9375,0.2727272727272727,51.45018915510718,51.4157592476395,51.48503097682075,44.44444444444444,0.44622997924759217,0.5537700207524079,18.647196802250505,20.772984766842523,0.5049510422152069,0.49504895778479313,25.696451138979203,25.44325011238753,0.4830249953509935,0.5169750046490064,22.45022883758434,23.2258032412765,0.8888313425035402,0.4493209962593169,0.43951034624422336,0.6641708443738819,1.0199610178495107,-0.3933644696130658,0.0,0.0003663349001128377,0.02574084773725999,0.4811670292513681,2.4849066497880004,4.954448698502607,1.4263557741133326,0.934417404570842,1.2424533248940002,1.4451858789480825,1.584640176945807,1.9910558130689855,3.4806740109018173,1.1635338543169074
high5.csv,Vx_RL,54.36431307654158,1103.759765625,32.379202102845355,,,,,,,39.195253143919835,39.608219002771996,0.029335370894327487,0.03551067393884,1105.46875,26.061328125,0.023574911660777385,40.0390625,0.8261000888029264,1076.953125,1123.046875,20.833333333333336,70.83333333333334,1009.765625,1177.734375,5.333333333333333,93.75,,,0.03579966761344333,0.05124330635291772,0.0030449031296902783,0.09008787709605132,0.6986213451350598,0.39738607199361436,0.5688146730140208,-2.971170277241501,28.007240247581947,36.05590604518371,0.7767726100818123,3172.4632717459276,1.2873780396230456,4.2083667128418805,185.6703265651253,0.6875,0.717391304347826,0.9393939393939394,0.2727272727272727,51.38539042821159,51.352209581136876,51.4190229079599,45.65217391304348,0.444209636517329,0.555790363482671,18.671640495616725,20.88545760820375,0.506528103519582,0.49347189648041806,25.66127237856407,25.32839238191521,0.4830687163208558,0.5169312836791444,22.4402658059615,23.21346376735209,0.8852191842630901,0.44114968701424173,0.44406949724884837,0.6646443407559692,1.0186382599610218,-0.39311905659686674,0.0,0.0003614286001203129,0.0251612525421667,0.4811670292513681,2.4849066497880004,4.886842188131012,1.4365100130226458,0.934417404570842,0.9678002527269727,1.0691665297540138,1.6093523691751999,1.9913591188495778,3.42446027637185,1.1635338543169074
intervene1.csv,LA_RA,55.17591740458587,1087.558962264151,34.04471084107125,,,,,,,35.330057473066475,35.674567680451865,0.03130378399916337,0.032485647858129976,1083.984375,28.95703125,0.026713513513513514,39.0625,0.9636188921295954,1065.234375,1109.375,16.9811320754717,54.71698113207547,982.421875,1175.78125,5.3,101.5625,,,0.005743555317422533,0.023798627793897725,0.0006483595508033483,0.030190542662123607,0.24133976829097914,0.19024352697801195,0.7882808884967464,-3.738127355685446,25.225728722745952,41.53511661580723,0.6073349680483542,3291.6149629515526,1.6465378293850899,4.224379137824822,273.5565630233913,0.6415094339622641,0.66,0.9696969696969697,0.125,49.798115746971725,49.802463155878314,49.79446768700393,46.0,0.43491037320011744,0.5650896267998825,16.635881302828945,18.96289312774706,0.5096284406145491,0.4903715593854508,29.651199194654325,29.08560294385586,0.489494548252795,0.5105054517472047,24.041070695820547,24.55161516460774,0.7256246721398123,1.6817886961314215,0.9733402295633515,0.9833829200500006,-0.35481053236127025,0.12399167725968008,-0.4940285658300891,0.0002350632496807999,0.13491801879816542,0.2918704774188279,1.386294361119891,4.86236756813061,1.262744785492318,0.519860385419959,0.6212266624470002,0.9222198635284842,1.7594424567702258,1.8688966581171353,3.0587320380750764,1.0807397084081507
intervene1.csv,LL_LA,55.17647930737745,1087.558962264151,34.31514164443847,,,,,,,36.13890281313144,36.491308442426764,0.031552442520448705,0.0332293733646359,1083.984375,28.95703125,0.026713513513513514,39.0625,0.949534683492652,1064.453125,1110.546875,16.9811320754717,54.71698113207547,982.421875,1177.734375,5.888888888888889,101.5625,,,0.005788604733902429,0.024808566613031904,0.0007868188253345592,0.031383990172268894,0.23333088219863876,0.18444451142535978,0.7904847814715709,-3.696566257512863,25.803251654009877,41.63404485159664,0.6197632669606047,3374.993310951674,1.613519311823889,4.23524302638227,268.70934158957255,0.6415094339622641,0.6666666666666666,0.9705882352941176,0.125,49.802890932982905,49.807280617306354,49.799204938751764,45.09803921568628,0.4309947761613212,0.5690052238386788,16.939966698794915,19.464115625079984,0.5139514479950226,0.48604855200497726,29.84761627472364,29.0260829844747,0.49092979387721825,0.5090702061227816,24.267701467582672,24.711993955244633,0.7155820672276738,1.9285913755915054,0.9908368029884961,1.1021609096859093,-0.5569838981069868,-0.09172670607791922,-0.4422769861431794,0.0006886827624948611,0.19920730788972768,0.34418726051691984,1.5581446180465501,4.906981303538162,1.240417847991949,0.5628229496516238,0.6641892266786649,0.9093965399315964,1.7234291797175478,1.875285786101893,3.1164814493157778,1.0807397084081507
intervene1.csv,LL_RA,55.17658445721006,1087.558962264151,34.379216393715325,,,,,,,36.270608482640895,36.62429971983615,0.03161135863580439,0.0333504754603193,1083.984375,28.95703125,0.026713513513513514,37.109375,0.9478533124187649,1063.28125,1109.765625,16.9811320754717,54.71698113207547,982.421875,1177.734375,5.3,101.5625,,,0.005674051663369069,0.02514059831863293,0.0007723725658092883,0.03158702254781129,0.22569278548807453,0.17963236815944314,0.7959154200298298,-3.683271276634944,25.897290688104714,41.68342092382518,0.6212851564038133,3391.310529122667,1.609566862643722,4.237337668218173,268.3690121624759,0.6415094339622641,0.6666666666666666,0.9705882352941176,0.0625,49.804941482444725,49.80929458882068,49.80128199925547,43.13725490196079,0.4313277198460938,0.5686722801539061,17.008268851058766,19.529335077695283,0.5203502385829128,0.479649761417087,30.068463275452544,28.868583203294694,0.4955575790320383,0.5044424209679618,24.427379035184416,24.645385214502614,0.7048151069539499,1.6141681098337504,0.9499040074936731,0.9395818638847846,-0.21861950338968583,0.23929729574267755,-0.5063947141230238,0.0002384494780319102,0.12686209402867937,0.3401798791911914,1.7346010553881064,4.892738143119983,1.2851702985892934,0.6069370589870129,0.708303336014054,0.9535106492669856,1.8068643372649666,1.8814394049551693,3.1424008419105953,1.0807397084081507
intervene1.csv,Vx_RL,55.17620248262554,1087.558962264151,34.11789539995964,,,,,,,35.71007253088066,36.05829222090421,0.0313710764967913,0.03283506804682765,1083.984375,28.95703125,0.026713513513513514,39.0625,0.9554137805364533,1065.234375,1109.375,16.9811320754717,54.71698113207547,982.421875,1175.78125,5.3,101.5625,,,0.005582009599853193,0.024385776828700786,0.0007317724234515823,0.03069955885200556,0.22890431742504339,0.18182702972256318,0.7943363924627762,-3.713755233501589,25.497062947407496,41.491874011424,0.6145073837924834,3323.556601268552,1.6273197464746751,4.228573189313648,270.08218358811865,0.6415094339622641,0.6666666666666666,0.9705882352941176,0.125,49.801324503311264,49.80571300164095,49.797621659124054,45.09803921568628,0.4316861301271358,0.5683138698728641,16.75237421898876,19.221463260470603,0.5122717256044689,0.487728274395531,29.6970454417723,28.976906339517914,0.4901822430173602,0.50981775698264,24.1097132909511,24.58786032662068,0.7218293050414677,1.8731601300354708,0.9855738632492298,1.0822087624573378,-0.5942458977623986,-0.14123134322425202,-0.448410764430333,0.00047570111672187227,0.17768055571052604,0.3019329417219918,1.4469189829363258,4.939723520396834,1.2319012495037542,0.5350165408740678,0.6363828179011088,0.9110358900681362,1.71486957092576,1.8727001894961628,3.097145006668562,1.0807397084081507
low1.csv,LA_RA,53.285994557581034,1125.9964923469388,23.83466936797056,,,,,,,32.651621902785884,32.98974571884032,0.021167623105371708,0.028997978346033213,1130.859375,23.165625,0.020484974093264247,33.203125,0.7299689258602173,1108.59375,1144.53125,8.16326530612245,71.42857142857143,1078.125,1171.875,5.444444444444445,70.3125,,,0.008126876608689151,0.057476806469769916,0.00099503387389278,0.06659871695235185,0.14139401800208756,0.12202752516243724,0.8630317384476307,-2.8563737782958087,23.32727290741186,24.458884359908865,0.9537341345645407,1792.4641842414642,1.0485102333645462,3.9604205966214634,102.58156219217797,0.6530612244897959,0.6875,0.9696969696969697,0.14285714285714285,48.81450488145048,48.8046408579238,48.824521608685245,47.91666666666667,0.49004845322400287,0.5099515467759969,16.33356413275813,16.661953090461214,0.4940000944519265,0.5059999055480735,17.190961183876517,17.398502168458265,0.4921173566721493,0.5078826433278508,16.76774379134641,17.034209087811753,0.5281929713087269,0.42474503324601676,0.6006963152344742,0.7360123717007829,0.30230694509230727,-0.6885868224457881,-0.1814181547169917,7.857452675684936e-05,0.013062899828459887,0.25638149971545365,1.6094379124341003,4.734721773120031,1.617144430196185,0.7489330683884977,0.0,0.0,1.862742869610212,1.973219747205417,6.539610267952405,1.1458591518602466
low1.csv,LL_LA,53.284325568728164,1126.0363520408164,23.844602266519047,,,,,,,32.73063013085787,33.07045158205905,0.02117569492610371,0.02906711676895441,1128.90625,23.165625,0.020520415224913494,31.25,0.7285103333234875,1107.421875,1144.53125,12.244897959183673,67.3469387755102,1076.171875,1175.78125,5.444444444444445,93.75,,,0.007842818512187094,0.05710061840378752,0.0008396118166603559,0.06578304873263498,0.1373508506812752,0.11922248456533258,0.868014169362447,-2.862940332189895,23.384340570575343,24.470858691670337,0.955599509817576,1797.7289381770477,1.0464634920029416,3.9616943193120124,102.4314409551835,0.6530612244897959,0.6875,0.9696969696969697,0.14285714285714285,48.87640449438202,48.86779034278,48.88519444617313,47.91666666666667,0.49376854599406533,0.5062314540059347,16.4351158168993,16.64123759610604,0.49423406900810063,0.5057659309918994,17.20344997061087,17.402994978347486,0.4940118254626447,0.5059881745373552,16.82366967706815,17.026376933253314,0.5197995531365697,0.588442439569621,0.5812944049317239,0.805504702585395,-0.03649465472095326,-1.0194625140489828,-0.11897667031348814,0.00011426821233788568,0.023278693318334365,0.28587712442013213,2.0149030205422647,4.849204231782005,1.6050638020299384,0.8502993454155388,0.0,0.0,1.929263076473797,1.974106599828085,6.093235917941359,1.1458591518602466
low1.csv,LL_RA,53.28434070818111,1126.0363520408164,23.764476850603305,,,,,,,32.60656248477548,32.94504610919811,0.021104537884174716,0.028956935915683088,1128.90625,23.165625,0.020520415224913494,31.25,0.7288249677254177,1107.421875,1144.53125,10.204081632653061,69.38775510204081,1076.171875,1173.828125,5.444444444444445,93.75,,,0.00792613187729826,0.05751200252609892,0.0009054055945554329,0.06634353999795262,0.13781700391498947,0.11947104235834963,0.8668817269605114,-2.855761613377579,23.295665510317466,24.396117629354272,0.9548923260759858,1785.441862511454,1.047238492437549,3.9587158232407806,102.19421378997633,0.6530612244897959,0.6875,0.9696969696969697,0.14285714285714285,48.87640449438203,48.86783175212079,48.885148172814695,47.91666666666667,0.4927492898789056,0.5072507101210945,16.355909978457458,16.594838868439833,0.49508509431353515,0.5049149056864649,17.165665455949163,17.335238240062512,0.4939708279969611,0.506029172003039,16.765677167489695,16.96907719808604,0.5184970334791348,0.4535426597939647,0.5871905783820934,0.7402926720214934,0.2584222771839677,-0.7316263401067848,-0.16243066592908553,8.930293042501472e-05,0.014948995175174638,0.2714365581584657,1.9459101490553135,4.940841476591659,1.5963625212436492,0.8330511275438011,0.0,0.0,1.8533586688742683,1.9734022128464355,6.093235917941359,1.1458591518602466
low1.csv,Vx_RL,53.28424819140041,1126.0363520408164,23.937742946896947,,,,,,,32.99663888787971,33.33760362691839,0.021258410444309754,0.029303351377668183,1128.90625,26.061328125,0.02308546712802768,33.203125,0.7254600393766085,1108.59375,1145.3125,8.16326530612245,63.26530612244898,1076.171875,1173.828125,5.444444444444445,93.75,,,0.007953767843030774,0.056362422641393295,0.0009422723959794228,0.06525846288040349,0.14111827473486607,0.12188101729590718,0.8636798991831358,-2.8759526077549573,23.57324559310323,24.41773299092707,0.9654149958090856,1808.3171199074575,1.0358239765707489,3.964244703882719,101.16989314201939,0.6530612244897959,0.6875,0.9696969696969697,0.14285714285714285,48.75,48.74064573370253,48.75953741213389,47.91666666666667,0.4895620437956204,0.5104379562043797,16.497960725220683,16.846041892118674,0.4937722037250261,0.5062277962749739,17.15807885841692,17.373140599919054,0.491740668069648,0.508259331930352,16.831256313813565,17.11162093046087,0.5175120657014788,0.5238927885093294,0.5697989655499325,0.7687399414290057,0.12533879583531604,-0.8532241671104084,-0.12026395430039306,9.663382219336456e-05,0.018758685140163753,0.21782834855972188,2.3978952727983707,4.785542691399072,1.5851039244204705,0.9460474084795654,0.0,0.0,2.1918520780681354,1.9769755575423,5.872167885981558,1.1458591518602466
low2.csv,LA_RA,54.680200458664665,1097.446986607143,24.71295216458467,,,,,,,34.435529751605785,35.09080669910097,0.022518584010137024,0.031377852572238005,1098.6328125,21.7177734375,0.019768,30.2734375,0.7176585446150212,1078.90625,1114.453125,14.285714285714285,64.28571428571429,1048.828125,1156.25,5.6,70.3125,,,,0.10326302769912342,0.013582518495116137,0.11684554619423956,,,0.8837566433851309,-2.2704758788378534,24.81294737424063,22.03515207640897,1.1260619980383795,1717.6879908141773,0.8880505706986102,3.941914389262747,78.2733175075426,0.6785714285714286,0.7407407407407407,1.0,0.2857142857142857,49.63680387409202,49.619147507249615,49.65397727922728,48.148148148148145,0.5160252591445252,0.48397474085547476,17.824709436310098,17.262286757424487,0.4124463063894308,0.587553693610569,14.151411557818628,16.89039602708321,0.4703568555713914,0.5296431444286086,16.09320843659904,17.077353747686747,0.3501099635462831,0.40048944121649077,0.3942579286152097,0.4647058709802516,0.4004577388419137,-0.37473874276397234,-0.32409538151354106,5.669237062084338e-06,0.006642603094915172,0.06494814321121956,inf,4.378783493486174,1.6449259395124853,,,,2.2115846497155727,2.024782536143183,2.6934848018670703,1.201838730514401
low2.csv,LL_LA,54.67877451410825,1097.446986607143,24.47165825277149,,,,,,,33.98745130286787,34.63363432050467,0.022298715611245922,0.030969560915141026,1098.6328125,21.7177734375,0.019768,28.80859375,0.7200203991379185,1080.078125,1113.28125,14.285714285714285,60.71428571428571,1048.828125,1156.25,4.666666666666667,70.3125,,,,0.10348876408209458,0.013689083761714694,0.11717784784380927,,,0.8831768630879671,-2.2682922317630214,24.489677685163993,21.985157269086255,1.1139186945730606,1691.463063973726,0.8977315892730188,3.9352326286169546,78.94708070237625,0.6785714285714286,0.7407407407407407,1.0,0.2857142857142857,49.50495049504949,49.482021407347574,49.527223051715865,48.148148148148145,0.5146771037181995,0.4853228962818005,17.56977632937947,17.061381690599028,0.41906298977846385,0.5809370102215362,14.23210798338195,16.756916258542688,0.4720094660693885,0.5279905339306113,15.988275984531093,16.909834234671255,0.3608865599311295,0.5806039394394391,0.42152382018189194,0.5567416577415605,0.0678815948689655,-0.6918167796202925,-0.2671083015898609,2.334805751802423e-05,0.015405419215866776,0.06494814321121956,inf,4.280394654123193,1.6247801913715432,,,,1.7085995509234564,2.020090446559625,2.6877417009310687,1.373529977730744
low2.csv,LL_RA,54.678994127495415,1097.446986607143,24.55810681135254,,,,,,,34.227706843997176,34.87847537975463,0.022377488034548403,0.031188483144698628,1098.6328125,21.7177734375,0.019768,28.80859375,0.7174920284108814,1080.078125,1113.28125,14.285714285714285,57.14285714285714,1048.828125,1156.25,5.6,78.125,,,,0.10178971197165979,0.014623568472958558,0.11641328044461835,,,0.8743823005665107,-2.284846241154864,24.662806458472545,21.991829810128532,1.1214531337958005,1703.9377845829745,0.8917002145379753,3.9384238434056287,78.44047743909702,0.6785714285714286,0.7407407407407407,1.0,0.2857142857142857,49.509803921568626,49.486750648366915,49.53219501403082,51.85185185185185,0.5180897250361793,0.4819102749638205,17.75254015038032,17.12147227754439,0.4130152714004761,0.5869847285995239,14.133327447816106,16.84902470917727,0.4715502089397302,0.5284497910602697,16.045305022623555,16.985794750337522,0.3608550361684219,0.5523765545695474,0.4152229136633546,0.556128098657291,0.07588513337515668,-0.7178655625992931,-0.24491099626098348,2.4651806112987954e-05,0.014219975887105281,0.06494814321121956,inf,4.280394654123194,1.6351075457668847,,,,1.9817467456968005,2.02287144578689,2.709511291351455,1.373529977730744
low2.csv,Vx_RL,54.68058694824781,1097.446986607143,24.804256235054407,,,,,,,34.861644995773545,35.524512294364406,0.022601780803771686,0.03176613123113262,1098.6328125,21.7177734375,0.019768,28.80859375,0.7115056170774946,1080.078125,1113.28125,14.285714285714285,60.71428571428571,1048.828125,1158.203125,5.6,70.3125,,,,0.1072831999936183,0.013364311713512584,0.12064751170713088,,,0.8892284513421698,-2.232283212026855,25.11962354168995,22.048464879280694,1.1392912694477553,1739.968381377616,0.8777386668509507,3.9475114663374984,77.41116067699937,0.6785714285714286,0.7407407407407407,1.0,0.2857142857142857,49.52153110047848,49.4989661569858,49.543465159643176,48.148148148148145,0.5174378051615904,0.4825621948384098,18.06995888276838,17.45037378352669,0.414251068228779,0.5857489317712209,14.190907711160726,16.874624199258296,0.4725364068662316,0.5274635931337684,16.246619274353986,17.164913152285234,0.34270517087966135,0.541355096210294,0.4013897116238592,0.5031995860307427,0.18124684073828679,-0.5309354938880055,-0.3119351325597671,1.2710544890637214e-05,0.012434025455973144,0.06494814321121956,inf,4.208966082694623,1.7315285746806144,,,,1.7123661905020637,2.0259379006421683,2.720237019312799,1.201838730514401
low3.csv,LA_RA,56.7620859359045,1057.3299632352941,42.549397673474786,,,,,,,38.7967403721776,39.3960296414214,0.04024230765510426,0.03669312487226272,1061.5234375,28.95703125,0.027278748850045997,35.15625,1.0967260977416633,1040.234375,1086.328125,20.588235294117645,64.70588235294117,917.96875,1117.1875,6.8,148.4375,,,0.008050084692626636,0.029957251071633238,0.002029501793635165,0.04003683755789504,0.26871907149883073,0.20106694693320512,0.7482421914146872,-3.507983877825978,27.857199711275296,52.79284317476712,0.5276700029027784,4620.217088690647,1.895123835918046,4.371632492055889,400.195901865538,0.6176470588235294,0.6666666666666666,0.9545454545454546,0.1111111111111111,49.382716049382715,49.41350906989783,49.35019776495635,51.515151515151516,0.5383611089778051,0.4616388910221949,20.440855164975073,18.92837868769729,0.35748209897694316,0.6425179010230567,31.564738905697702,42.31727245807189,0.3968799794276527,0.6031200205723474,26.590988154451445,32.779834258546536,1.1529424535605393,0.6803466729317762,1.2344317576519517,1.0099681709947115,0.6984014587205056,0.9766280736362409,-0.8299253095337015,0.00016565966589488366,0.02471612226329603,0.37996425574823167,1.9459101490553135,4.8299661500102395,1.4173693237476106,0.0,0.0,0.0,1.8511142153280302,1.735482060666858,1.9740129852938835,1.1970500802941975
low3.csv,LL_LA,56.766573985061214,1057.272518382353,42.78466666566844,,,,,,,39.45998055873853,40.07017698677324,0.04046701859907396,0.037322430946292874,1060.546875,28.95703125,0.02730386740331492,35.64453125,1.084254631144101,1041.40625,1086.328125,23.52941176470588,64.70588235294117,917.96875,1117.1875,4.857142857142857,140.625,,,0.008279673293008152,0.030814525115846446,0.0021198304944436068,0.04121402890329821,0.2686938468751644,0.2008945379359784,0.7476707794850038,-3.479769105498087,28.333893870692496,52.9952356477393,0.5346498326571962,4717.294208161635,1.8703830786405098,4.380663073126419,396.4855680163917,0.6176470588235294,0.6666666666666666,0.9545454545454546,0.1111111111111111,49.47916666666667,49.504046115933335,49.45277146180383,51.515151515151516,0.5360801781737192,0.4639198218262807,20.74620784440124,19.299466966769213,0.35222523865333333,0.6477747613466667,31.451912852965158,42.652926971649954,0.39309960830615737,0.6069003916938428,26.642334376266753,33.10393937623074,1.1475124593782042,0.6534377896842498,1.2224205252276852,0.9977815839555517,0.6915417475999757,0.9633488002470658,-0.843780149875755,0.0001706191427807099,0.022663411871592366,0.35407783408152405,1.540445040947149,4.675698135367988,1.4498711092745118,0.0,0.0,0.0,1.9900461433909218,1.7401070218005292,2.0030748624703385,1.1970500802941975
low3.csv,LL_RA,56.766320167696584,1057.272518382353,42.684581901037916,,,,,,,39.17479125215119,39.7805540632415,0.04037235543239707,0.03705269036226286,1060.546875,30.4048828125,0.02866906077348066,35.15625,1.0895930912891334,1040.234375,1086.328125,20.588235294117645,64.70588235294117,917.96875,1115.234375,4.857142857142857,140.625,,,0.00818936440656744,0.031391932720431025,0.0020214147452428197,0.04160271187224129,0.2608748075341504,0.1968468890133015,0.7545645778292824,-3.4612043388089537,28.129099537476133,52.937844002115625,0.5313608830830355,4678.126404076241,1.881960136391392,4.37704206233256,398.507648473951,0.6176470588235294,0.6666666666666666,0.9545454545454546,0.1111111111111111,49.47552447552448,49.50103926259112,49.448454545344795,51.515151515151516,0.5335191322687557,0.4664808677312444,20.547011922517875,19.212796909716037,0.3542229739231193,0.6457770260768807,31.5068229357942,42.54098536805232,0.39370262438625875,0.6062973756137413,26.597552429232838,33.006567537225344,1.143857519713942,0.6826375013166661,1.2318070965708643,0.9936368924276602,0.679813005503715,0.9815717301952942,-0.8488970407922554,0.00018471386574572997,0.025124669682051286,0.35407783408152405,1.540445040947149,4.7933451941915175,1.4322808378538772,0.0,0.0,0.0,1.9681570786937934,1.7393939983131652,1.9951099793637306,1.1970500802941975
low3.csv,Vx_RL,56.7610500880125,1057.3299632352941,42.71479910487266,,,,,,,39.137888899105086,39.74248719071861,0.04039874078113785,0.03701577583155609,1061.5234375,27.509179687499998,0.025914811407543696,35.15625,1.0913925177463868,1041.40625,1086.328125,23.52941176470588,61.76470588235294,917.96875,1117.1875,5.666666666666667,148.4375,,,0.008234580271538209,0.030326261577895756,0.002097154037997194,0.04065799588743116,0.27153298306772633,0.2025328620312988,0.7458867786267519,-3.495741223108183,28.10218219377663,52.93828755095508,0.530847964561136,4673.688962725137,1.8837785331374917,4.376629916377662,398.8960386781956,0.6176470588235294,0.6666666666666666,0.9545454545454546,0.1111111111111111,49.38704028021016,49.41769288622209,49.354672860987755,51.515151515151516,0.5370160742585465,0.46298392574145364,20.594821004846814,19.122617386148306,0.3547122720067944,0.6452877279932057,31.528840221032574,42.52522219982166,0.39479468780158994,0.6052053121984101,26.62906699365452,32.97020639032478,1.153495529341593,0.6899472828918074,1.2317392174572062,1.015059611001255,0.6849411361899094,0.9679729741485539,-0.8140524092620121,0.0001571319714744547,0.0244463847967058,0.37996425574823167,1.9459101490553135,4.675698135367988,1.4462237282708321,0.0,0.0,0.0,1.8613991040400375,1.7362152045915207,1.981878771403891,1.1970500802941975
low4.csv,LA_RA,53.61384884805199,1118.1216032608695,31.177058678601128,,,,,,,37.013463825345255,37.87914787881046,0.02788342393857423,0.033103254348543006,1117.1875,23.165625,0.020735664335664334,29.296875,0.8423166992885545,1087.109375,1142.1875,13.043478260869565,69.56521739130434,1066.40625,1187.5,5.75,70.3125,,,,0.1060783020322552,0.005007307302057427,0.11108560933431262,,,0.9549238885930948,-2.243577759155955,26.784602330674893,30.414798346427002,0.8806437585282044,2559.2930475503404,1.135532944298921,4.115090126856171,138.14802206630483,0.6521739130434783,0.7142857142857143,1.0,0.16666666666666666,49.025069637883014,49.08048811041938,48.96674032539712,42.857142857142854,0.46728262245285423,0.5327173775471459,18.312019410035365,19.552165140742037,0.5021425015589756,0.49785749844102445,21.552538635391475,21.460382960790234,0.48691367279435355,0.5130863272056464,19.998024608740163,20.52845827765232,0.8887475155038285,0.9055333982745166,1.0449271154569,1.182041587896776,0.29377508118471063,-0.28625276162697766,-0.3485815402268474,0.0005185137595922672,0.06404620913422344,0.07950674446691641,inf,3.9361804341297546,1.5565292578161385,,,,1.9463842540268639,1.9036508880785956,2.3156400711364804,1.3767362474956126
low4.csv,LL_LA,53.61423124016475,1118.1216032608695,31.61885894035151,,,,,,,38.16666306448578,39.05964630404139,0.028278551141610042,0.03413462628141449,1117.1875,26.061328125,0.023327622377622377,31.25,0.8284417971497481,1087.109375,1144.140625,17.391304347826086,69.56521739130434,1066.40625,1187.5,5.75,70.3125,,,,0.11445526313812085,0.0049188954371767735,0.11937415857529762,,,0.958794302754611,-2.1675712472877264,27.619340772335732,30.623122244570403,0.9019113254277247,2657.1290603815214,1.108756450669646,4.131382759159531,135.81433731325023,0.6956521739130435,0.7619047619047619,1.0,0.2,49.06166219839142,49.11479678871165,49.00576740901095,47.61904761904761,0.46982502083085337,0.5301749791691465,18.933851083268237,20.113168880288207,0.5039886714327276,0.4960113285672724,21.740015796057325,21.567274496168483,0.4886618784508438,0.5113381215491559,20.385276594348674,20.85290017719446,0.8670771030520614,1.0282333320303323,1.0552408442779517,1.2258748507919153,0.23748853236514478,-0.3579003425217002,-0.3340512788308151,0.00088816577427743,0.09250789280074008,0.07950674446691641,inf,4.2626923908396215,1.4888518630464878,,,,2.132973794543662,1.911774565443094,2.3839628435729567,1.3767362474956126
low4.csv,LL_RA,53.6139205893733,1118.1216032608695,31.61337454352723,,,,,,,38.19391199446649,39.087540168265164,0.028273646132344246,0.034158996555543206,1117.1875,26.061328125,0.023327622377622377,32.2265625,0.8277071630711029,1086.328125,1142.96875,17.391304347826086,69.56521739130434,1066.40625,1187.5,4.6,62.5,,,,0.11422544492128789,0.004968780192331482,0.11919422511361936,,,0.9583135828300818,-2.1695811964098306,27.639064712881858,30.593448538836913,0.9034308334934976,2656.4500213697524,1.106891599142213,4.131271759438674,135.45452470571277,0.6521739130434783,0.7272727272727273,1.0,0.16666666666666666,49.06166219839142,49.11491779941184,49.00561109908083,45.45454545454545,0.47010578866040637,0.5298942113395936,18.953029463554213,20.122198361721868,0.5038024315512193,0.4961975684487806,21.714936498571664,21.55042056112737,0.48865708776101074,0.5113429122389895,20.380821781559174,20.84854303386622,0.8703397361455525,0.9293743290792511,1.035026293655267,1.1758788943495522,0.3012576382035581,-0.28237011589852923,-0.3484436289155624,0.0005988221736196493,0.0699988807210276,0.12944366667910234,inf,4.316827716832515,1.5195789906695698,,,,2.068563909841554,1.9113581617191422,2.3839628435729567,1.3767362474956126
low4.csv,Vx_RL,53.61146943885541,1118.1216032608695,31.481462389429478,,,,,,,37.925113901884075,38.81237986542367,0.028155669560106445,0.03391859507166301,1117.1875,23.165625,0.020735664335664334,31.25,0.8300953945945965,1086.328125,1142.1875,13.043478260869565,69.56521739130434,1066.40625,1187.5,4.6,62.5,,,,0.10798461123587073,0.004801289235868392,0.11278590047173913,,,0.9574300580499292,-2.2257665505671285,27.444496996829297,30.48340466911352,0.9003094403243181,2628.261779502406,1.1107292173230687,4.126638729499211,135.43523283786737,0.6521739130434783,0.7272727272727273,1.0,0.16666666666666666,49.056603773584904,49.109907556765066,49.000494280007956,45.45454545454545,0.47160940325497286,0.528390596745027,18.849716243364437,19.952215603926806,0.5024704237787525,0.49752957622124755,21.60820658137817,21.501706177822644,0.4886523954220134,0.5113476045779868,20.275926540097643,20.74143529342891,0.881271388713476,0.8830645400361727,1.0249772445779903,1.174156451897295,0.2410507433477047,-0.3670896322371049,-0.3310664729973261,0.00044732403595016475,0.05871582064783499,0.19245704673000663,inf,4.2626923908396215,1.5575841490534084,,,,1.8483681284972118,1.9114572603672468,2.3741185396380535,1.5734128542807002
low5.csv,LA_RA,53.30421950888406,1125.8755387931035,28.98638580901539,,,,,,,37.40738831493165,38.02162695460999,0.025745639558070257,0.033225154136514036,1123.046875,28.95703125,0.025784347826086955,27.34375,0.7748839765283771,1107.421875,1146.09375,24.137931034482758,62.06896551724138,1072.265625,1193.359375,5.8,46.875,,,,0.1199457926144913,0.00041061490482830653,0.12035640751931961,,,0.9965883419645738,-2.1207153664725893,26.885350251349944,30.359030319696434,0.8855800059564872,2564.209278015051,1.1292034522842815,4.115923577211884,137.12608738001754,0.6206896551724138,0.6666666666666666,0.9444444444444444,0.14285714285714285,53.810623556581994,53.862889650978595,53.7579586109331,51.85185185185185,0.5753091227728556,0.42469087722714444,20.431024947811927,17.553995784782245,0.4575954508926737,0.5424045491073264,20.536609495881113,22.35885489836034,0.5094454798689193,0.4905545201310807,20.48388525163656,20.10051193848163,0.6505646238667745,1.1916439138947874,0.8157836890963654,1.0228105202188256,-0.4693753467634245,-0.9071835312417988,-0.3262678735581249,0.0001889734560669613,0.07464131787855062,0.06265338162340228,inf,4.168325822713777,1.5976499030083533,,,,1.9219040410089587,1.8630015543624294,2.4885690763906645,1.1726161022721726
low5.csv,LL_LA,53.304265348369,1125.8755387931035,29.44802067210256,,,,,,,38.53402276747824,39.1710498834571,0.026155662555445283,0.034225828201921216,1125.0,26.061328125,0.023165625,29.296875,0.7642083166296346,1107.03125,1145.3125,24.137931034482758,62.06896551724138,1070.3125,1195.3125,5.8,85.9375,,,,0.11779323391851843,0.000373718504351719,0.11816695242287015,,,0.9968373686831294,-2.138824446438681,27.698114998789038,30.549240560659356,0.9066711476441108,2658.2786614621405,1.1029357254814982,4.131570615083145,134.77539520271856,0.6206896551724138,0.6666666666666666,0.9444444444444444,0.14285714285714285,53.72460496613996,53.77634850641194,53.67240025787214,51.85185185185185,0.5705110560601889,0.42948894393981096,20.958418973828227,18.184546705819276,0.45698643751769247,0.5430135624823075,20.651522459551682,22.511568557869666,0.5083056681408502,0.49169433185914974,20.80553659221375,20.462752232187498,0.6287551055054036,1.2522039947192174,0.8056524057995418,1.0230623869704558,-0.5165993609849249,-0.9351271185858887,-0.32637814438560064,0.00023131481526672852,0.08426313830694378,0.1888024781540838,1.6094379124341003,4.418157288156416,1.6351477708362865,0.0,0.0,0.0,1.9926549591887692,1.8757604056900956,2.499817142168083,1.3401326883110543
low5.csv,LL_RA,53.3046865984755,1125.8755387931035,29.34606272108792,,,,,,,38.33552036404399,38.96854140937451,0.02606510374365696,0.03404951883503769,1125.0,26.061328125,0.023165625,27.34375,0.765505787906624,1108.203125,1145.3125,24.137931034482758,58.620689655172406,1070.3125,1195.3125,4.833333333333333,78.125,,,,0.11930663276284423,0.00034144364989474206,0.11964807641273897,,,0.9971462671182703,-2.126058354082214,27.554919883517496,30.475153422876307,0.9041765762804421,2638.1223061366,1.1059786619487,4.128265035989776,134.8194776212563,0.6206896551724138,0.6666666666666666,0.9444444444444444,0.2857142857142857,53.77574370709382,53.82670201501676,53.72425986453242,51.85185185185185,0.5692963752665245,0.4307036247334755,20.828246449279156,18.11643590576419,0.4409722020098529,0.559027797990147,20.23725049297668,22.785711940432396,0.49880770474543357,0.5011922952545665,20.534874697297216,20.583900487517248,0.6273339295125615,1.298826940889736,0.8288629330704111,1.0426758721981084,-0.43998083054899695,-0.8637284812434496,-0.33537996295239386,0.00034715815830443914,0.09852396807760162,0.2135577346026536,1.791759469228055,4.21126073643228,1.6892857661972984,0.0,0.0,0.0,1.7687714128816567,1.8671915576314677,2.474502615290797,1.3401326883110543
low5.csv,Vx_RL,53.30474828988175,1125.8755387931035,28.802498252765538,,,,,,,36.934577160502485,37.53921369216754,0.02558231106401045,0.03280520438351025,1123.046875,28.95703125,0.025784347826086955,27.34375,0.7798247730737982,1108.203125,1145.3125,24.137931034482758,62.06896551724138,1070.3125,1195.3125,4.833333333333333,46.875,,,,0.1200214819888184,0.0003658908539837857,0.12038737284280218,,,0.9969607206690893,-2.120084535648159,26.544232562142568,30.29613877520735,0.8761589309811608,2526.4303381382083,1.1413454393258955,4.1094774377965715,138.31343928106932,0.6206896551724138,0.6666666666666666,0.9444444444444444,0.14285714285714285,53.846153846153854,53.898936325531565,53.792913630598306,48.148148148148145,0.5621691800659142,0.43783081993408574,19.941084942159698,17.59820740686918,0.47443951220067676,0.5255604877993232,20.867850023966845,21.96335265991621,0.5126225308920557,0.4873774691079444,20.409728480472264,19.900826163742973,0.6536161915695728,1.2060467770879875,0.8174373841836795,1.0439342675648664,-0.5253146557150643,-0.9907651838503573,-0.31219892322247567,0.00020812713831982934,0.07755956934793809,0.06265338162340228,inf,4.487122805397798,1.6625439524159404,,,,1.9829529896496298,1.8671242129737295,2.441010668552036,1.3401326883110543
mid1.csv,LA_RA,51.37826399834606,1167.96875,50.9281479064986,,,,,,,45.712792224556736,46.62481057885638,0.043604032990179405,0.03913871173741312,1162.109375,57.9140625,0.04983529411764706,72.265625,1.1140896328608034,1120.703125,1210.546875,28.000000000000004,56.00000000000001,1080.078125,1281.25,8.333333333333334,101.5625,,,,0.025082269757161466,0.00023709593103115803,0.025319365688192624,,,0.9906357870907594,-3.685594066628088,32.96871973184763,65.13187426985151,0.5061841088013694,6745.98748457603,1.9755657726355211,4.536015641095346,514.6892060604752,0.6,0.6666666666666666,0.9375,0.14285714285714285,53.43680709534369,53.46868942932998,53.39942974569772,45.83333333333333,0.4426104814786644,0.5573895185213357,21.96723023281639,24.65152855411501,0.4994651632183795,0.5005348367816204,46.03055136744471,46.079815393649085,0.48784075246931946,0.5121592475306805,36.06501672876729,36.95299207619815,1.0747900219853221,0.18259902271253037,1.0998222702865204,1.0085227589302552,1.0500644966023964,0.03600642064287807,-1.0,0.00016461831470520133,0.006797508142235694,0.24625171081451525,inf,4.483856189774723,1.4096259408372158,,,,1.7025339007783553,1.6615955794911552,2.296157895164864,0.7430169903639559
mid1.csv,LL_LA,51.37852591947283,1167.96875,50.862565104125,,,,,,,45.46175523857107,46.36798075723557,0.043547881828280934,0.03892377706044881,1162.109375,57.9140625,0.04983529411764706,72.265625,1.1187989737134416,1121.09375,1210.546875,28.000000000000004,56.00000000000001,1080.078125,1279.296875,8.333333333333334,101.5625,,,,0.02482504787644294,0.00023133699667545837,0.025056384873118398,,,0.9907673434197745,-3.6959021404951398,32.78711362336862,65.11659365376467,0.5035139552554444,6707.253678134191,1.9860422726370643,4.533514842264932,517.297230586028,0.6,0.6666666666666666,0.9375,0.14285714285714285,53.4521158129176,53.48189675698944,53.41684860658944,45.83333333333333,0.44435899407828955,0.5556410059217103,21.889704151565653,24.47766850227784,0.502022088034324,0.4979779119656761,46.13739679598729,45.95118481561849,0.49033097887418675,0.5096690211258135,36.109683818564854,36.81485869364795,1.0845621898337476,0.19647321703193432,1.1118395768697367,1.0136029683537695,1.054554774071978,0.030259747875407417,-1.0,0.00016458413235458788,0.007085508725933605,0.23175355496757488,1.6094379124341005,4.403856189774723,1.3931181886403512,0.0,0.0,0.0,1.656950456239467,1.6589785601890037,2.3111504561034057,0.7430169903639559
mid1.csv,LL_RA,51.37864788607695,1167.96875,50.909418583925955,,,,,,,45.83779515598857,46.752696419775326,0.04358799718222423,0.03924573765863905,1160.15625,57.9140625,0.04991919191919192,72.265625,1.1106428311108414,1121.09375,1210.546875,28.000000000000004,56.00000000000001,1080.078125,1279.296875,8.333333333333334,101.5625,,,,0.025231123731283504,0.00025348029053193395,0.02548460402181544,,,0.990053591167634,-3.6796769778329743,33.05914867717915,65.05543529738733,0.508168895128534,6756.552030285183,1.967849684595639,4.5366952354540935,512.0772713247827,0.6,0.6666666666666666,0.9375,0.14285714285714285,53.42163355408388,53.449819272529076,53.38799331833939,45.83333333333333,0.44829412209698166,0.5517058779030183,22.16827737227708,24.592587765512103,0.5010853538161592,0.4989146461838407,46.05103989893629,45.95118481561849,0.49022453013351414,0.5097754698664861,36.13952681917428,36.85313255995712,1.0772770853749378,0.20321107256514281,1.1073247611420935,1.0057192248595221,1.0600953515343114,0.03923746056465127,-1.0,0.00017762960542555474,0.007689646696428983,0.24625171081451525,inf,4.403856189774723,1.4058873263555565,,,,1.6723636241593616,1.6625198290682652,2.3261539261560085,0.7430169903639559
mid1.csv,Vx_RL,51.3775120065737,1167.96875,50.931268790645696,,,,,,,45.68496734654714,46.596343837994254,0.04360670505152273,0.03911488843048852,1162.109375,57.9140625,0.04983529411764706,72.265625,1.1148364932451915,1121.09375,1210.546875,28.000000000000004,56.00000000000001,1080.078125,1281.25,8.333333333333334,101.5625,,,,0.02492166917112378,0.0002420230777656211,0.0251636922488894,,,0.990382052229386,-3.692017606121282,32.94859070634574,65.14715130178743,0.5057564306030022,6743.450068929339,1.9772363523044523,4.535852256132514,515.2452632118898,0.6,0.6666666666666666,0.9375,0.14285714285714285,53.43680709534369,53.468067798945775,53.39998756582214,45.83333333333333,0.4423882415657605,0.5576117584342396,21.948346682319745,24.641434431578613,0.49989528098888947,0.5001047190111108,46.06116822269569,46.07081619310117,0.4881532604956102,0.5118467395043901,36.078810541138736,36.944014370018735,1.0818119317351695,0.188709986401692,1.1044931022760291,1.010138109075183,1.0453623410817192,0.018172860732791785,-1.0,0.00016039582687328574,0.006702495073549132,0.23175355496757488,1.6094379124341005,4.483856189774723,1.3974055030023702,0.0,0.0,0.0,1.6692659870016537,1.6609029662978385,2.296157895164864,0.7430169903639559
mid2.csv,LA_RA,53.878876131988854,1114.140625,41.82941441715113,,,,,,,41.83860905627327,42.436563379911604,0.037544106622223856,0.03755235929600294,1117.1875,34.7484375,0.031103496503496506,44.921875,0.9997802355448822,1095.3125,1142.96875,24.0,76.0,982.421875,1189.453125,6.25,179.6875,,,,0.12415810997771572,0.004621592825222097,0.12877970280293782,,,0.9641124127123185,-2.086199445136386,30.00718173618821,44.25132952743111,0.6781080265076996,4171.587955112641,1.4746912894543733,4.327271514783796,261.0282008035111,0.6,0.6666666666666666,0.9375,0.0,56.732891832229605,57.21919237896985,56.278443856003115,41.66666666666667,0.5567057114319441,0.44329428856805597,22.548454557833253,20.121020833069323,0.8714469691488846,0.1285530308511154,41.30920199893775,15.866001233967403,0.7713415673613528,0.22865843263864719,33.27824343873722,18.11885032943681,1.0553853123272265,0.32904785787869484,1.1175033666818734,0.952979437742526,1.1242361087092938,0.06907660490781797,-1.0,0.00032280570517466845,0.0159797336158285,0.2148591754630682,1.6094379124341005,4.563856189774724,1.4467889836544827,0.0,0.0,0.0,2.182858376746095,1.9052956411572277,1.8417085992496365,1.114525485545934
mid2.csv,LL_LA,53.87966003552337,1114.140625,42.00384407011657,,,,,,,42.19608925872715,42.794377639730875,0.03770066643976524,0.037873216640607776,1117.1875,34.7484375,0.031103496503496506,44.921875,0.9954440045988191,1093.75,1143.359375,24.0,72.0,980.46875,1187.5,6.25,179.6875,,,,0.124097501895202,0.004859836892739188,0.1289573387879412,,,0.9623143828926963,-2.0866877167469298,30.26019462571166,44.158506862730164,0.6852630846368427,4197.937513242981,1.459293550782694,4.330006079735629,257.7608971079018,0.68,0.7391304347826086,1.0,0.0,56.7982456140351,57.29057946278976,56.33846805159883,43.47826086956522,0.5696304231387251,0.4303695768612747,23.00358348830305,19.99492083199594,0.7732840010206684,0.22671599897933145,38.831475461800586,21.025942114572818,0.7075699965433805,0.2924300034566194,31.91432546556287,20.51690889099954,1.0515816369968092,0.29467007124859435,1.116914157153614,0.9695791215293169,1.1306650403136098,0.10461765120774658,-1.0,0.0002853631343760711,0.013949180964636525,0.18597804293973708,1.3862943611198906,4.243856189774724,1.433822298581377,0.0,0.0,0.0,2.0937067513393894,1.9115070343470144,1.8487804641295618,1.114525485545934
mid2.csv,LL_RA,53.878590776572395,1114.140625,41.715263001900254,,,,,,,41.45313223924896,42.03996810323356,0.03744164970369001,0.037206373512543765,1117.1875,31.852734374999997,0.02851153846153846,44.921875,1.0063235453750128,1095.3125,1142.96875,24.0,72.0,982.421875,1187.5,8.333333333333334,125.0,,,,0.12337913033606947,0.004656076127274718,0.12803520646334418,,,0.9636344076298442,-2.0924933038875917,29.726746526662613,44.215708671139545,0.6723118868852562,4129.275342094782,1.4874049076134668,4.322843952770012,263.0666482842411,0.6,0.6666666666666666,0.9375,0.0,56.76274944567626,57.24849515023172,56.30879232155952,41.66666666666667,0.5612801775968921,0.4387198224031079,22.432305415556232,19.832510163025457,0.8693274172158902,0.13067258278410962,41.22572277580079,15.983387466488626,0.7724768750487221,0.22752312495127794,33.18711003269171,18.01106790657364,1.0645199830317387,0.37809228601365175,1.1280488044840526,0.9390026614772268,1.127057642904628,0.018505151132391262,-1.0,0.0002983064221529919,0.0178591386693189,0.38597447055559586,2.197224577336219,4.403856189774723,1.4391079433597154,0.0,0.0,0.0,1.9975043233633598,1.9067602851755963,1.8471184594402978,1.114525485545934
mid2.csv,Vx_RL,53.87910430146987,1114.140625,41.700019203382865,,,,,,,41.395577068844325,41.98074827864908,0.03742796759016203,0.03715471471013305,1117.1875,31.852734374999997,0.02851153846153846,44.921875,1.0073544604543676,1095.3125,1142.96875,24.0,72.0,982.421875,1187.5,8.333333333333334,140.625,,,,0.12373036674057031,0.004430889605639416,0.12816125634620973,,,0.9654272302569351,-2.089650542721445,29.684871787118247,44.213833094273014,0.6713933108632308,4123.283704304173,1.4894399211607716,4.322213327609353,263.41539231259804,0.6,0.6666666666666666,0.9375,0.0,56.792873051224944,57.28095690192523,56.336703690185615,41.66666666666667,0.5605231425656247,0.4394768574343753,22.38604746758855,19.82205383807074,0.8698642748016946,0.13013572519830535,41.23670110374278,15.949843854057372,0.7727864733362042,0.22721352666379593,33.178310981276226,17.990432698078536,1.0674081166190301,0.322405843532813,1.128034482207931,0.9668315604415244,1.1212527311778016,0.0661989281743307,-1.0,0.00030739012377538924,0.0152691412762233,0.29442344649991936,1.9459101490553132,4.483856189774723,1.4315180439223694,0.0,0.0,0.0,1.9853737958652296,1.9044818904044607,1.842359346206966,1.114525485545934
mid3.csv,LA_RA,54.09648080625405,1109.0891768292684,30.45422635496867,,,,,,,33.52753967633245,33.94655641226886,0.027458771567885162,0.030229796103666814,1115.234375,31.852734374999997,0.028561471103327494,39.0625,0.9083346600724993,1087.890625,1134.765625,7.317073170731707,65.85365853658537,1031.25,1166.015625,5.857142857142857,62.5,,,0.006947136677374181,0.038432400624819854,0.0006271539793327542,0.04600669128152678,0.1807624963424138,0.15100274511946238,0.8353654556386615,-3.258854408887755,24.00384023704699,36.25568901772126,0.6620709987145537,2734.0519557816906,1.5104120282289264,4.143776873264148,219.04411513637433,0.7073170731707317,0.7435897435897436,1.0,0.09090909090909091,51.24378109452735,51.2346554828491,51.25243235940483,48.717948717948715,0.47722066683634506,0.5227793331636548,16.586089367352475,17.359754721319508,0.5363110353038567,0.4636889646961431,26.551222960590273,24.68820660653054,0.5182970838788936,0.48170291612110644,22.13668675756129,21.34090707340146,0.7958066636208914,0.22524238201424285,0.9543486785179933,0.8417274875108719,1.4019727666778081,0.40182401456051653,-1.0,3.511081129762583e-05,0.004372084741249399,0.3068716786730934,inf,4.851335236272634,1.498448193472149,,0.0,0.0,2.246601634502024,1.9609991623335026,4.379477932830917,1.1760480010137258
mid3.csv,LL_LA,54.09433930263033,1109.1368140243903,30.6715105963468,,,,,,,33.95573955217522,34.37921102557745,0.02765349613187785,0.030614563616340768,1115.234375,31.852734374999997,0.028561471103327494,42.96875,0.9032791216111791,1087.890625,1136.71875,9.75609756097561,65.85365853658537,1031.25,1164.0625,6.833333333333333,62.5,,,0.006926402167197228,0.03789421298290643,0.0007176706055386817,0.04553828575564234,0.1827825839877354,0.15210063471348448,0.8321396458849183,-3.272956870296221,24.30977324802913,36.400897158446554,0.6678344531513348,2779.9876609416015,1.49737707493416,4.151012978255095,218.0234756483755,0.6829268292682927,0.725,1.0,0.08333333333333333,51.302931596091206,51.292427612064984,51.312973255562,47.5,0.4801488833746897,0.51985111662531,16.849377081597424,17.53215811399197,0.5336293189040753,0.4663706810959249,26.590832175927773,24.858659620571817,0.5171278561420611,0.48287214385793875,22.259535752641117,21.509643491530284,0.7892134542212812,0.22193952969958053,0.9606490481141567,0.8496792832643665,1.445217749376428,0.450658295623819,-1.0,3.7707298348971345e-05,0.0045436680596412276,0.26502226783380145,inf,4.930484321585721,1.5256044964166402,,0.0,0.0,2.332550973717077,1.9653556374307186,4.638670119870345,0.9147040007884533
mid3.csv,LL_RA,54.094413586946445,1109.1368140243903,30.38724551029955,,,,,,,33.24331207704134,33.65751253494626,0.02739720215402689,0.029972237560505592,1115.234375,31.852734374999997,0.028561471103327494,42.96875,0.9140859803583091,1085.9375,1136.71875,7.317073170731707,68.29268292682927,1031.25,1164.0625,6.833333333333333,101.5625,,,0.006882346356348523,0.036459522807936885,0.0006350877060124427,0.04397695687029785,0.18876677000419498,0.15649892230257698,0.8290597031410725,-3.3115525979155453,23.799455351331723,36.24875822900049,0.6565591902756874,2710.25419083024,1.5230919234869025,4.139980134599271,220.84076358008014,0.6829268292682927,0.725,1.0,0.08333333333333333,51.33333333333333,51.32192941504125,51.34426960127507,47.5,0.48049706593027264,0.5195029340697275,16.50183920402161,17.158565753172073,0.531608268104857,0.46839173189514316,26.429503037057277,24.808342192873578,0.5162064979677599,0.4837935020322402,22.032127994149864,21.32920792088446,0.8094355443257062,0.23857210582623845,0.992234414215035,0.8729483613019158,1.4668496677204503,0.4779129609880055,-1.0,7.946459969400693e-05,0.008168237446791963,0.3068716786730934,inf,4.753774260662878,1.4888692699271353,,,,2.3088305044686273,1.9608921173849203,4.507922420278552,1.0453760009010895
mid3.csv,Vx_RL,54.093992086126754,1109.1368140243903,30.390383751550445,,,,,,,33.191634041012506,33.60516167236279,0.027400031598700636,0.029925644538458723,1115.234375,31.852734374999997,0.028561471103327494,39.0625,0.9156037245409262,1085.9375,1134.765625,7.317073170731707,65.85365853658537,1031.25,1166.015625,5.857142857142857,62.5,,,0.006895405731802914,0.03779330238183442,0.0006760652198170941,0.04536477333345442,0.1824504686607443,0.1519991223392242,0.8330980098596372,-3.2756233777215855,23.76243770139799,36.278428213655346,0.6550018529318123,2708.253584790868,1.5267132383274389,4.139659436636355,221.54702647799712,0.6829268292682927,0.725,1.0,0.08333333333333333,51.33779264214048,51.32677811666713,51.348323725421395,47.5,0.4780990304709141,0.5219009695290859,16.435020846697157,17.1713871333312,0.5326081988473157,0.46739180115268425,26.47600085848306,24.802131605871086,0.5162369257808133,0.48376307421918685,22.03506900022968,21.33075559230945,0.8081301947785363,0.23812674459656558,0.9868098464001407,0.8677464741018579,1.459621896102683,0.4640939907036792,-1.0,4.456547100152906e-05,0.005279006463296864,0.2996796268617987,inf,4.802554748467756,1.4932611021420894,,0.0,0.0,2.2915658939120522,1.9611165901030847,4.3366094911613535,0.9147040007884533
mid4.csv,LA_RA,52.31383722293377,1147.0661569148936,35.066297998441975,,,,,,,38.715981723137865,39.13849887283503,0.03057042332480193,0.03375217853804259,1144.53125,37.644140625,0.032890443686006826,46.875,0.9057318563998927,1119.53125,1173.4375,23.404255319148938,63.829787234042556,1074.21875,1238.28125,6.714285714285714,78.125,,,0.009826420349293014,0.034903434088655726,0.0005231924715963922,0.04525304690954513,0.2815316201934063,0.21714383937361678,0.7712946745535849,-3.3551700566587654,27.675097958443693,41.622868614174095,0.6649012641339026,3618.8538785866926,1.5039827023078314,4.265541157561659,250.40029766459753,0.7021276595744681,0.7391304347826086,1.0,0.16666666666666666,49.029754204398444,49.019148765002576,49.04107032207678,50.0,0.5077178423236515,0.4922821576763486,19.72237218283412,19.42025754192749,0.5427507484572128,0.4572492515427872,30.664241291037737,28.145470287735748,0.5320089126513698,0.46799108734863004,25.780493192268576,24.179680526349056,0.8884898499600816,1.02866489632888,0.9074945856686826,1.3162064560796474,-0.8488638757591698,-1.5099594169100374,-0.10267734237886027,0.0009365951279023515,0.08196374365299115,0.24119597665361558,2.3025850929940455,4.894598425961597,1.4327524688188242,0.0,0.7489330683884977,0.922219863528484,1.7419610548746378,1.850141734308666,3.8868475697909344,1.063644673725505
mid4.csv,LL_LA,52.312621765717225,1147.1077127659576,35.276596135486095,,,,,,,39.45854763907291,39.88936987797581,0.03075264488495643,0.034398293377287725,1144.53125,34.7484375,0.030360409556313993,45.8984375,0.8940165881968313,1119.921875,1175.0,25.53191489361702,65.95744680851064,1074.21875,1238.28125,6.714285714285714,78.125,,,0.009893163558634364,0.035774499764423776,0.00047660054778451586,0.04614426387084265,0.2765423310956453,0.2143963892527408,0.7752751211842116,-3.3305199364627143,28.206043937975096,41.65137189916462,0.6771936349722206,3690.8072191840206,1.476682514951608,4.274091471377683,246.0234104289726,0.7021276595744681,0.7391304347826086,1.0,0.16666666666666666,49.05660377358491,49.047569348799755,49.06633097220543,50.0,0.5085486018641812,0.49145139813581895,20.117082153176163,19.776026920918916,0.5434910772757474,0.4565089227242525,30.70616079955503,28.141934369093963,0.5325029574789352,0.4674970425210646,25.95732368143689,24.3213867903467,0.8735265405197963,1.0350042848238021,0.9000105329077175,1.336460261574339,-0.8876159124069396,-1.6403785234430295,-0.07831118666245691,0.0010459068178125576,0.08999235280184553,0.27133281059100467,2.3978952727983707,4.825553479199118,1.430930499278542,0.0,0.772760613339579,0.9460474084795654,2.068332986345758,1.8576154405353273,4.097043134432388,1.063644673725505
mid4.csv,LL_RA,52.31387017599683,1147.0661569148936,35.18670106533222,,,,,,,39.14203011287224,39.569312783491675,0.030675389429995096,0.03412360296475592,1144.53125,37.644140625,0.032890443686006826,47.8515625,0.8989493126408058,1119.53125,1175.390625,25.53191489361702,63.829787234042556,1074.21875,1238.28125,6.714285714285714,78.125,,,0.010005348214793208,0.035523437816336885,0.0005317850297277527,0.04606057106085785,0.2816548405737872,0.21722154077450695,0.7712331175703683,-3.3375625801717246,27.979729396098502,41.6269417069545,0.6721543368011589,3659.046153141643,1.4877535489231344,4.270337997428263,247.72252102135195,0.7021276595744681,0.7391304347826086,1.0,0.16666666666666666,49.037227214377424,49.0266593166534,49.04848924629808,50.0,0.5076048714479027,0.4923951285520972,19.937187742460697,19.636219659199686,0.5435910620668531,0.4564089379331469,30.690973094613835,28.122347810591457,0.532390266841829,0.46760973315817095,25.878826138104056,24.253325224432817,0.8812255743623092,1.0661678172469435,0.8998023594954101,1.3351626248874304,-0.9075284562903096,-1.5931101611661624,-0.09165878171392684,0.0009713383785571301,0.08857920603945046,0.24119597665361558,2.3025850929940455,4.969274489883447,1.446122787168251,0.0,0.7489330683884977,0.8502993454155388,1.5651285579388863,1.849833479252937,3.9175989409340763,1.063644673725505
mid4.csv,Vx_RL,52.312243398259085,1147.1077127659576,35.222486250129585,,,,,,,39.2763338785353,39.70439911691595,0.030705474174870243,0.03423944712552794,1144.53125,34.7484375,0.030360409556313993,45.8984375,0.8967865065781723,1119.53125,1175.0,23.404255319148938,65.95744680851064,1074.21875,1238.28125,6.714285714285714,78.125,,,0.009913979218337025,0.035471564320757314,0.0005103608071730947,0.04589590434626743,0.2794908938519958,0.21601010720999766,0.7728699287225638,-3.3390239085258147,28.07524985850844,41.61944823654643,0.6745704483860816,3670.876899939032,1.4824248562807825,4.271739930975287,246.79081828219125,0.7021276595744681,0.7391304347826086,1.0,0.16666666666666666,48.98477157360406,48.974436795283616,48.99583268680762,50.0,0.5072572841629932,0.4927427158370068,19.99874534910114,19.710548539838243,0.544805765437589,0.4551942345624109,30.719713834083926,28.0798442564513,0.5330605823107608,0.46693941768923936,25.919593299145358,24.258847635531666,0.8757625453914966,1.0424719905615039,0.8979592148483879,1.334673973072099,-0.8885334866498926,-1.6239745632320144,-0.0810777055137141,0.0009860467058715391,0.08819080366476104,0.27133281059100467,2.3978952727983707,4.900229543120968,1.4443573124393254,0.0,0.772760613339579,0.9460474084795654,1.8346268645522503,1.8557442870653886,4.058632145569909,1.063644673725505
mid5.csv,LA_RA,54.938807800434056,1111.5579044117646,138.34634290296955,,,,,,,126.78493215523068,125.47510773103788,0.12446166084004621,0.11406057358957394,1146.484375,26.061328125,0.02273151618398637,39.0625,1.0911891543514298,1121.875,1164.0625,11.76470588235294,76.47058823529412,583.984375,1191.40625,4.25,585.9375,,,,0.045939554093338414,,0.045939554093338414,,,1.0,-3.080428788051739,88.72429954672947,114.23134347744471,0.7767071352377846,31840.342936964855,1.287486562993728,5.2099478466288485,588.2852791997252,0.5294117647058824,0.6,0.7777777777777778,0.3333333333333333,17.36263736263736,14.533329349487165,20.040915106154035,53.333333333333336,0.014402040907135762,0.9855979590928642,11.111662109276415,91.92145801367259,0.0629044238784008,0.9370955761215989,28.65008264871452,110.5801636681904,0.04367329512562232,0.9563267048743774,21.72896995498063,101.67971046438701,0.5808863810300144,0.9987493471829967,0.7825082894754358,0.7326212804274965,0.3178034080383494,0.172959297454089,-0.549949478503938,0.00016587969353643134,0.05497627871009888,0.3199670140324866,0.4653632496892337,3.7345216647797512,0.6344749550602258,,,,1.3014320567725435,,1.1818248157690867,0.7213169719853539
mid5.csv,LL_LA,54.9116680474922,1111.5579044117646,137.97705404439742,,,,,,,125.95574258673628,124.61896678078509,0.12412943446020003,0.11331460294314756,1146.484375,26.061328125,0.02273151618398637,39.0625,1.0954407572912601,1120.3125,1164.0625,11.76470588235294,70.58823529411765,585.9375,1193.359375,4.25,578.125,,,,0.04716671557923995,,0.04716671557923995,,,1.0,-3.054066813551804,88.11891647515422,114.3847507565925,0.7703729377587121,31665.55842419444,1.2980725970324898,5.207557261204262,593.9188419020962,0.47058823529411764,0.5625,0.7777777777777778,0.0,17.685589519650655,14.827820669600172,20.385911500928973,50.0,0.0147726248083917,0.9852273751916084,11.180112420587692,91.3031102130169,0.06584698590563749,0.9341530140943624,29.351890618313945,110.55468204819876,0.04578894018599753,0.9542110598140027,22.20955196088437,101.3868720726422,0.5704280743898217,1.0085247217575701,0.7773032517388517,0.7209010178240691,0.3298466507888662,0.19746420425055633,-0.555925484718401,0.00017975188179266156,0.05684656654491263,0.32072602042927656,0.4946962418361069,3.7345216647797512,0.6502595556460439,,,,1.2888627225521057,,1.1868557232871617,0.7213169719853539
mid5.csv,LL_RA,54.90456852688108,1111.5579044117646,137.52185015539584,,,,,,,124.95135314379681,123.57374952988995,0.1237199156333401,0.11241101578952015,1148.4375,23.165625,0.02017142857142857,39.0625,1.1006031283001203,1120.3125,1164.0625,11.76470588235294,64.70588235294117,587.890625,1191.40625,4.25,562.5,,,,0.04400907117177043,,0.04400907117177043,,,1.0,-3.1233595033177632,87.37983626923312,114.41681061189456,0.7636975353702901,31408.770546141826,1.3094189174188382,5.20402104682268,599.2781451437728,0.47058823529411764,0.5625,0.7777777777777778,0.0,17.43929359823399,14.61283241551621,20.117771983264713,50.0,0.01470565778422539,0.9852943422157747,11.065793339230698,90.57812410154678,0.06704881757833485,0.9329511824216652,29.626844582090705,110.51450868870923,0.046698997964760854,0.953301002035239,22.362934759529214,101.0392329653734,0.577105343118348,1.1004948963948846,0.8037995504426467,0.7633381800598481,0.23540859142190929,0.1227827075267125,-0.5367665225121409,0.00022571989243978493,0.06860948151453254,0.324988806600256,0.4795730802618866,3.572469458770135,0.64353173679292,,,,1.3497636711613308,,1.1830105824223862,0.7213169719853539
mid5.csv,Vx_RL,54.63706763027887,1111.5579044117646,122.47565972169616,,,,,,,92.65000011857883,90.08120793726903,0.11018378730931715,0.08335148331081242,1146.484375,26.061328125,0.02273151618398637,39.0625,1.3219175344300564,1120.3125,1164.0625,17.647058823529413,70.58823529411765,664.0625,1191.40625,4.25,484.375,,,,0.02636434396987309,,0.02636434396987309,,,1.0,-3.635742788923615,63.69703298991837,116.46246523456546,0.5469318622238251,23305.31916262895,1.828381319629103,5.074425164864786,851.7511834913332,0.47058823529411764,0.5625,0.7777777777777778,0.0,19.082125603864732,16.386008374605122,21.65771253377126,50.0,0.026469281190978782,0.9735307188090212,11.008188609910087,66.76050575438093,0.07253715391953051,0.9274628460804695,31.366512533600346,112.1590286155861,0.060911673123796375,0.9390883268762034,23.505726163978235,92.29467164623479,0.5180740561937245,1.3019407255180127,0.8612488178427077,0.6696955503486764,0.3909139260455907,0.5117851828758795,-0.6471290234183408,0.0008280046762928272,0.1214505653155925,0.48771758468557147,0.8362480242006187,3.572469458770135,0.6895143653379205,,,,1.322832784318693,,1.2097336222738289,0.7213169719853539
start1.csv,LA_RA,52.22440574914702,1149.2578125,46.58025758520023,,,,,,,52.16589372141062,52.649204544605944,0.04053072955307861,0.04539094113959797,1153.3203125,50.6748046875,0.04393818797629128,63.96484375,0.8929255163145444,1114.84375,1189.84375,44.0,82.0,984.375,1234.375,10.0,125.0,,,0.05398276003919667,0.10956664195110037,0.0004826314859463745,0.16403203347624343,0.4926933880413091,0.3290988893764762,0.6679588104171664,-2.211222312555696,37.22860955756845,53.52804152716441,0.695497322439411,6260.485912917875,1.437820057297368,4.503578152614568,307.85476694241373,0.54,0.5625,0.8888888888888888,0.0,52.627045650301476,52.55144452998256,52.70272591200141,41.66666666666667,0.5083392933771992,0.49166070662280065,26.572102325733983,26.132552179352395,0.5867343068794978,0.41326569312050215,41.00172184571657,34.41089995074707,0.5611387375330347,0.43886126246696544,34.548645532949536,30.55339849204095,0.7417992358051881,0.2164512341438094,0.5552250506964649,0.6634506677683696,1.0597540980701723,-0.0029166192546297154,0.0,0.0001563968465458491,0.007330675677730531,0.33740661529234117,1.791759469228055,5.188758439731455,1.5025106554367107,0.7222755083982776,0.8958797346140276,1.0593512767826485,1.7723440555728207,1.9738447103295698,3.7440215439923117,1.0158941141594504
start1.csv,LL_LA,52.22522750860463,1149.2578125,46.94153507653959,,,,,,,52.77274445014267,53.263003467836654,0.040845086773373215,0.04591897821024616,1153.3203125,50.6748046875,0.04393818797629128,63.96484375,0.8895033897827287,1114.84375,1191.40625,46.0,82.0,982.421875,1236.328125,10.0,195.3125,,,0.05292062705640342,0.10938311683005673,0.0004990076400889056,0.16280275152654905,0.48380982906734726,0.3250597828364921,0.6718751114732793,-2.212898726040198,37.662630938469896,53.8267982073598,0.69970037588675,6368.821464479288,1.4291831681992049,4.51102918455349,307.713415984055,0.54,0.5625,0.8888888888888888,0.0,52.595744680851055,52.51711444444938,52.67453092292214,41.66666666666667,0.5051854750789702,0.49481452492102973,26.797700652367663,26.52120933855505,0.5860723786733094,0.41392762132669064,41.207301401111444,34.630658620560354,0.5594493312482699,0.4405506687517301,34.75743408981701,30.843614098166665,0.7345011039771889,0.20050332577946617,0.7620022632434285,0.6617506003536954,1.055002318532479,0.003856258692128911,-1.0,0.0001469039021804445,0.006666632947343628,0.3822479331971622,1.897119984885881,5.173660689688186,1.489052129569308,0.7628332181702323,1.0837150284789956,1.2330630325717682,1.7409512152467803,1.9752447519073106,3.682285803989431,1.0158941141594504
start1.csv,LL_RA,52.223115436981416,1149.296875,46.84536159090789,,,,,,,52.55544094769174,53.04321368151468,0.040760018242377884,0.04572834233773736,1152.34375,50.6748046875,0.04397542372881356,63.96484375,0.891351318649061,1114.84375,1189.84375,42.0,82.0,982.421875,1236.328125,10.0,195.3125,,,0.05320917611376427,0.10913728882996801,0.0005736188891047826,0.16292008383283707,0.48754350308868555,0.3265967882042041,0.6698823512879327,-2.215148658746013,37.507216090126086,53.76506807247624,0.6976131052148156,6335.26671279805,1.4334593093575423,4.508735013231475,308.2801493869322,0.54,0.5625,0.8888888888888888,0.0,52.609067579127455,52.53026827797791,52.687952281787446,41.66666666666667,0.5046647312494715,0.4953352687505285,26.673596991574133,26.425896733857044,0.5856076679420704,0.41439233205792947,41.14372204654597,34.61035511222863,0.5590725455557964,0.44092745444420367,34.67193851165771,30.791270671921346,0.7332374142966933,0.19239999566059018,0.7606851189461316,0.6644851211158365,1.0548954092988765,0.01158730729165125,-1.0,0.0001530064208071955,0.006523916401832289,0.3822479331971622,1.897119984885881,5.188758439731455,1.4898834739521913,0.8262317965962405,1.0837150284789956,1.2330630325717682,1.7024983085784293,1.9756162002821205,3.664535400747059,1.0158941141594504
start1.csv,Vx_RL,52.22229958690526,1149.296875,46.88356905094491,,,,,,,52.38927139343403,52.87133785999858,0.04079326244661102,0.04558375867282684,1153.3203125,50.6748046875,0.04393818797629128,63.96484375,0.8949078275751864,1114.84375,1191.40625,42.0,82.0,982.421875,1238.28125,8.333333333333334,132.8125,,,0.055228931196193515,0.11000685057002751,0.00045490675068825904,0.1656906885169093,0.5020499260728877,0.3333254975915995,0.6639289845114075,-2.2072126372195684,37.38568153121004,53.824161615523984,0.6945892032329817,6321.679131513036,1.4396998907346625,4.507802558607117,309.9625583870188,0.54,0.5625,0.8888888888888888,0.0,52.694610778443106,52.61309051491493,52.7764450126726,41.66666666666667,0.5079563182527302,0.49204368174726976,26.675831491416787,26.25467289098204,0.5867312319756158,0.4132687680243841,41.22843760674987,34.60139167895387,0.5610547025141258,0.43894529748587413,34.72307628402278,30.712897573599637,0.7433824901305432,0.22969749598518518,0.5446459768750072,0.6594947248675997,1.0619219654592982,-0.010821268959903207,0.0,0.00016758368587930922,0.008022656289228281,0.33094614172142034,1.55814461804655,5.133660689688186,1.4934962048658602,0.7278501640762011,0.9083274860261961,1.0292895540055331,1.6729390475250907,1.9751860060554436,3.715611006377167,1.0158941141594504
